company_id,fiscal_year,revenue,ebitda,ebit,interest_expense,cash,total_debt,current_assets,current_liabilities,receivables,inventory,operating_cash_flow,capex
Sun Pharma,FY21,33498,8491,6482,122,6446,3342,20412,19816,9061,8997,6942,1150
Sun Pharma,FY22,38654,10162,8020,127,5123,1518,23281,6930,10483,8768,8980,1540
Sun Pharma,FY23,43279,11617,9134,168,5770,6243,23982,12174,11439,10513,10120,2050
Sun Pharma,FY24,48497,13184,10712,238,7850,3120,26450,27550,12870,11240,11450,2420
Sun Pharma,FY25,52041,15272,12580,210,10250,2150,29800,20550,13920,12150,13200,2800
Dr. Reddy's,FY21,18972,4468,3198,97,2079,3030,14535,8104,4964,4541,3570,1020
Dr. Reddy's,FY22,21439,4874,3592,96,2419,3380,17788,9766,6676,5088,3680,1480
Dr. Reddy's,FY23,24588,7308,5888,138,1730,1380,20425,8572,7249,4867,6050,1120
Dr. Reddy's,FY24,27916,8460,6940,182,1728,1820,24805,10420,8030,6355,6820,1860
Dr. Reddy's,FY25,32640,8540,6850,280,2460,4670,25018,12350,9042,7109,7150,3440
Cipla,FY21,19160,4252,3185,161,1004,2816,11706,4393,3891,4378,3760,680
Cipla,FY22,21763,4553,3501,106,1401,1537,13210,4592,3446,4669,3840,820
Cipla,FY23,22753,5027,3855,110,1928,824,14728,4913,3424,5350,4410,1050
Cipla,FY24,25774,6290,5110,85,1565,520,17275,5110,4057,5156,5680,1180
Cipla,FY25,28120,6950,5720,75,2150,480,19441,5246,4771,5238,6250,1350
Zydus Lifesciences,FY21,14404,3341,2618,163,889,3682,8920,4120,3110,3240,2890,780
Zydus Lifesciences,FY22,15265,3510,2795,127,1120,3210,9450,4350,3280,3580,2950,890
Zydus Lifesciences,FY23,17237,3860,3090,131,1250,1480,10810,4620,3820,4120,3280,1030
Zydus Lifesciences,FY24,19547,5384,4520,105,1650,820,12450,4890,4450,4360,4510,910
Zydus Lifesciences,FY25,23215,7050,6120,92,2320,650,14850,5150,5120,4820,6770,1710
Lupin,FY21,15163,2567,1680,141,1680,3028,10120,5180,4410,4090,1980,620
Lupin,FY22,16405,2267,1320,143,1420,3850,11250,5840,4620,4650,1450,710
Lupin,FY23,16642,1822,880,272,1150,4280,11890,6120,4890,5120,1220,780
Lupin,FY24,20011,3820,2750,315,1580,2650,13420,5950,5610,5420,3150,850
Lupin,FY25,22800,4850,3710,240,2120,1850,15100,5780,6180,5850,4210,950
Aurobindo Pharma,FY21,24774,5333,4278,75,4580,4790,16850,7820,6150,7420,4120,1850
Aurobindo Pharma,FY22,23455,4387,3260,49,3890,3810,17420,7450,5890,8210,3450,2120
Aurobindo Pharma,FY23,24855,4034,2789,141,3120,4920,18250,8120,6420,8950,3210,2450
Aurobindo Pharma,FY24,29002,5843,4321,290,4210,3150,21120,8650,7150,9480,5120,2280
Aurobindo Pharma,FY25,31724,6751,5101,457,4850,2480,23450,8920,7820,10120,5890,2100
Glenmark Pharma,FY21,10944,2084,1640,353,1180,4580,8450,4820,2890,2750,1650,680
Glenmark Pharma,FY22,12305,2210,1720,312,1320,4120,9120,4950,3120,2980,1780,740
Glenmark Pharma,FY23,12990,2298,1750,338,1210,4650,9850,5210,3450,3210,1620,810
Glenmark Pharma,FY24,11813,1180,590,412,2850,2150,9210,4320,3180,2850,1150,620
Glenmark Pharma,FY25,13850,2520,1890,215,3420,1280,10450,4150,3650,3120,2180,690
Torrent Pharma,FY21,8005,2485,1827,358,604,4810,4520,3120,1680,1580,2050,320
Torrent Pharma,FY22,8508,2431,1770,255,425,4020,4680,3250,1790,1690,1980,380
Torrent Pharma,FY23,9620,2842,2110,334,570,5450,5420,3890,2050,1980,2210,450
Torrent Pharma,FY24,10728,3382,2580,362,710,4210,5980,3780,2280,2150,2850,510
Torrent Pharma,FY25,11850,3920,3080,280,950,3180,6650,3620,2540,2320,3350,580
Mankind Pharma,FY21,6214,1648,1510,42,701,235,2947,1262,325,1190,1320,420
Mankind Pharma,FY22,7782,1990,1810,58,406,868,3882,1908,384,1770,1480,850
Mankind Pharma,FY23,8749,1912,1690,48,1280,245,4620,2150,510,1920,1610,680
Mankind Pharma,FY24,10335,2550,2280,39,2850,180,6150,2420,680,2180,2250,740
Mankind Pharma,FY25,12180,3120,2810,180,1950,7250,7280,3850,890,2540,2710,890
Alkem Labs,FY21,8865,1942,1647,65,1020,1710,5420,2850,1620,2150,1820,480
Alkem Labs,FY22,10634,2053,1751,52,1280,1580,6210,3120,1890,2680,1650,590
Alkem Labs,FY23,11599,1620,1310,108,1410,1220,6850,3280,2110,2890,1420,620
Alkem Labs,FY24,12668,2280,1950,82,2150,850,7920,3410,2340,3020,2180,650
Alkem Labs,FY25,13820,2680,2320,65,2980,620,8850,3550,2610,3250,2550,710
Abbott India,FY21,4310,942,882,18,2420,0,3250,1120,220,580,780,65
Abbott India,FY22,4919,1085,1021,15,2780,0,3680,1250,260,640,910,72
Abbott India,FY23,5349,1218,1152,12,3150,0,4120,1380,290,710,1050,85
Abbott India,FY24,5849,1420,1350,11,3620,0,4650,1490,320,780,1220,95
Abbott India,FY25,6420,1620,1540,10,4180,0,5280,1620,350,850,1380,110
Ipca Labs,FY21,5420,1544,1360,9,480,180,3250,1280,820,1350,1280,310
Ipca Labs,FY22,5830,1311,1110,8,620,120,3680,1350,910,1580,1050,390
Ipca Labs,FY23,6244,1082,860,19,510,780,4120,1850,1050,1720,890,520
Ipca Labs,FY24,7719,1380,1120,115,420,2450,5280,2450,1380,2150,1180,680
Ipca Labs,FY25,8650,1680,1390,95,680,1850,5950,2320,1540,2380,1450,580
Ajanta Pharma,FY21,2881,997,881,8,320,10,1820,610,710,620,820,140
Ajanta Pharma,FY22,3341,933,808,11,280,15,2050,680,820,780,710,160
Ajanta Pharma,FY23,3743,842,711,9,350,20,2280,720,910,890,680,180
Ajanta Pharma,FY24,4209,1180,1040,8,510,15,2650,780,1020,950,1020,150
Ajanta Pharma,FY25,4720,1390,1240,7,720,10,3080,840,1150,1040,1210,160
Divi's Labs,FY21,6969,2860,2522,1,2150,4,5620,1120,1680,2150,2180,820
Divi's Labs,FY22,8960,3882,3571,1,3120,2,7250,1280,2250,2820,2920,950
Divi's Labs,FY23,7768,2338,1993,1,3850,1,7980,1180,1820,2890,1850,540
Divi's Labs,FY24,7845,2390,2020,2,4280,1,8420,1210,1910,2980,1910,680
Divi's Labs,FY25,9250,3020,2620,2,4950,1,9450,1320,2210,3150,2480,1120
Laurus Labs,FY21,4814,1551,1346,68,120,1480,3120,1850,1280,1580,1120,620
Laurus Labs,FY22,4936,1422,1171,102,95,1750,3450,2120,1390,1780,880,950
Laurus Labs,FY23,6041,1588,1284,158,110,2120,4120,2450,1620,2110,1020,980
Laurus Labs,FY24,5041,780,440,182,140,2380,3820,2320,1350,1950,620,740
Laurus Labs,FY25,5680,1120,750,165,180,2150,4250,2210,1510,2080,890,650
Piramal Pharma,FY21,5776,1280,880,180,450,3250,3850,2120,1320,1480,890,450
Piramal Pharma,FY22,6559,1228,780,210,380,3890,4250,2450,1510,1720,780,580
Piramal Pharma,FY23,7082,853,380,382,420,4820,4890,2980,1680,2050,510,710
Piramal Pharma,FY24,8171,1380,880,342,610,4120,5420,2850,1890,2180,1020,620
Piramal Pharma,FY25,9150,1720,1180,290,850,3450,6120,2720,2120,2350,1380,680
Biocon,FY21,7106,1657,942,73,2850,4250,5820,3120,1850,1980,1220,1850
Biocon,FY22,8184,1890,1082,120,2420,5120,6450,3580,2120,2280,1350,2150
Biocon,FY23,11174,2528,1380,520,3120,15200,8950,6820,3150,3210,1890,3850
Biocon,FY24,14750,3780,2250,1050,2850,13800,10420,7120,3890,3650,2850,2420
Biocon,FY25,16850,4450,2820,890,3450,11500,11850,6850,4320,3920,3520,2100
Gland Pharma,FY21,3463,1302,1202,5,2980,4,4120,680,780,1250,1020,220
Gland Pharma,FY22,4401,1510,1388,5,3420,3,4850,750,980,1520,1150,280
Gland Pharma,FY23,3625,1025,880,7,3120,2,4620,820,890,1680,780,310
Gland Pharma,FY24,5665,1320,1120,22,1850,820,5420,1850,1580,2120,950,350
Gland Pharma,FY25,6250,1580,1340,18,2450,580,6150,1720,1780,2280,1250,380
Jubilant Pharmova,FY21,6099,1418,1020,285,720,3120,3250,1850,980,1150,1120,450
Jubilant Pharmova,FY22,6130,1180,780,210,650,2850,3420,1920,1050,1280,920,520
Jubilant Pharmova,FY23,6282,770,380,245,580,3210,3650,2150,1120,1420,610,680
Jubilant Pharmova,FY24,6715,980,560,280,620,3050,3920,2080,1210,1480,850,610
Jubilant Pharmova,FY25,7420,1280,820,230,810,2650,4380,2120,1350,1580,1120,580
