company,regulatory_risk,export_concentration,customer_concentration,fx_risk,business_model_risk,litigation_risk
Sun Pharma,Medium-High (US FDA OAI/Warning letters at Halol & Mohali sites),"High (~65% international, heavy US & Emerging Markets presence)",Low (Broad distribution across global wholesalers & retail networks),"High (Significant USD, BRL, RUB, and EM currency exposures)","Low-Medium (Balanced portfolio across global specialty, generics & India branded)","Medium (US antitrust pricing litigation, generic patent challenges)"
Dr. Reddy's,Medium-High (US FDA Form 483 observations at Duvvada & Srikakulam API units),"High (~70% international, major revenue from US & Russia/CIS)","Low (Fragmented buyer base across US, India, and ROW markets)","High (Substantial exposure to USD, Ruble, and Euro fluctuations)","Medium (Pivot toward biosimilars, cell therapy & complex CDMO execution)","Medium-High (Patent litigation on key products like gRevlimid, gSuboxone)"
Cipla,Medium (US FDA observations / OAI status at Indore and Pithampur facilities),"Medium (~45% international, strong anchor in India & South Africa)","Low (Diverse retail chemist, hospital, and distributor network)",Medium (Primary exposure to USD and South African Rand),"Low (Stable, high-margin respiratory & chronic branded generics engine)",Low-Medium (Routine ANDA patent challenges in US respiratory segment)
Zydus Lifesciences,Medium (Periodic US FDA inspections across injectables and oral solid sites),"Medium-High (~55% international, US formulation dependence)",Low (Broad wholesale distributor coverage in the US and India),Medium-High (USD sensitivity driven by US formulations market),Low-Medium (Strong India formulation base balancing US generic erosion),Medium (Active patent challenges for high-value generic launches)
Lupin,"High (History of US FDA Warning Letters across Tarapur, Somerset, Pithampur)","High (~65% international, primary focus on US and Japan)",Low (Standard pharmaceutical wholesaler and GPO relationships),High (Substantial USD and JPY foreign currency exposure),Medium (Execution risk in complex respiratory and biosimilar pipeline),Medium (US generic pricing class action lawsuits & patent disputes)
Aurobindo Pharma,High (Repeated US FDA observations and OAI status across multiple API/formulation plants),"Very High (~88% international, heavy reliance on US & Europe)",Low-Medium (Exposure to top US GPO purchasing alliances),High (Heavy reliance on USD and EUR revenues),Medium (Exposure to commodity generic price erosion and API cost volatility),Medium-High (US antitrust pricing litigation & environmental API claims)
Glenmark Pharma,"Medium-High (US FDA import alert on Monroe site, OAI at Baddi formulation plant)","High (~68% international, US, Europe, LatAm, and ROW markets)",Low (Well-distributed across multi-regional pharmacy chains and trade),"High (Multi-currency exposure including USD, BRL, and EUR)",Medium (R&D burn rate for novel NCE/NBE innovation platform Ichnos),"High (DOJ antitrust settlements regarding generic pricing, patent claims)"
Torrent Pharma,Low-Medium (US FDA Warning Letter resolution underway; Indrad/Dahej facilities),"Medium (~48% international, core strength in India and Brazil branded markets)",Low (Highly fragmented retail trade and prescriber base),"Medium (Exposures primarily in USD, Brazilian Real, and Euro)",Low (High proportion of branded chronic formulations ensures cash flow stability),Low (Minimal exposure to aggressive US generic patent litigation)
Mankind Pharma,Low (Over 95% domestic revenue; low exposure to US FDA regulatory enforcement),"Low (~3-5% export revenue, overwhelmingly domestic focus)","Low (Massive distribution footprint across 500,000+ Indian retail chemists)",Low (Predominantly INR denominated revenue and cost structure),Low (Dominant position in domestic acute/chronic therapy and consumer healthcare),"Low (Limited to domestic trademark, brand name, or NPPA pricing disputes)"
Alkem Labs,Low-Medium (US FDA observations at St. Louis facility; domestic plants compliant),"Low-Medium (~28% export revenue, predominantly US market)",Low (Extensive Indian stockist network and US trade distributors),Low-Medium (USD earnings offset by domestic INR cash flows),Low (Entrenched acute leadership in India providing steady recurring cash),Low-Medium (Minor generic patent litigation in the US market)
Abbott India,Low (Governed by global Abbott quality standards; compliant with India CDSCO),"Very Low (<2% export revenue, almost 100% India domestic focus)",Low (Nationwide trade channel and hospital distribution networks),Low (INR revenue base; minor FX risk on imported active raw materials),"Very Low (Monopoly/legacy positions in key therapies like Thyronorm, Duphaston)","Low (Routine domestic regulatory, NPPA price ceiling, or tax matters)"
JB Chemicals,Low (Panoli and Gujarat facilities possess clean US FDA audit track records),"Medium (~40% international, CMO/branded formulations in Russia/CIS, US)",Low-Medium (B2B CDMO partners combined with fragmented domestic trade),Medium (USD and Ruble currency fluctuation exposure),Low (High-margin domestic chronic portfolio supplemented by CDMO scale),Low (Virtually no exposure to high-stakes US ANDA litigation)
Ipca Labs,High (Historical US FDA import alerts at Ratlam API and Indore/Silvassa sites),"Medium (~46% export, strong presence in UK, Europe, Global Fund, ROW)",Low (Institutional tenders combined with retail pharmacy distribution),"Medium (GBP, EUR, and USD currency exposure)",Low-Medium (Strong domestic branded position cushions US market restriction),Low-Medium (Environmental regulations for heavy API manufacturing)
Ajanta Pharma,Low (Exceptional regulatory track record across US FDA inspected sites in Dahej/Paithan),"High (~70% export revenue across US, Africa, Asia, and Middle East)",Low (Customized branded generic model in emerging markets),Medium-High (USD and emerging market currency volatility risks),Low (First-to-market branded generic strategy in high-growth emerging markets),Low (Focus on non-infringing formulations and first-to-market branded off-patents)
Divi's Labs,Low (Impeccable US FDA audit history across Unit I & II manufacturing hubs),Very High (~88% export revenue to top global Innovator pharmaceutical firms),Medium (Concentrated relationships with top-10 global Big Pharma clients),High (Revenues largely denominated in USD and EUR),"Low (Global API cost leadership moat, chemistry IP, custom synthesis stability)",Very Low (B2B API supplier model minimizes direct patent infringement exposure)
Laurus Labs,Medium (US FDA inspection observations at Visakhapatnam manufacturing units),"High (~72% export revenue across ARV APIs, CDMO, and synthesis)",Medium (Reliance on global ARV procurement programs and key CDMO sponsors),High (Significant USD earnings volatility risk),Medium (Transitioning away from price-sensitive ARV APIs into high-margin CDMO),Low (Mainly B2B API contract manufacturing and partner-led filings)
Piramal Pharma,Medium (US FDA inspections at US sites in Riverview/Lexington and Digwal India),"High (~78% export revenue across North America, UK, Europe CDMO)",Low-Medium (Diversified global innovator biotech and pharma customer base),"High (Multi-currency USD, EUR, and GBP revenue streams)",Medium (CDMO cyclicality tied to global biotech funding and R&D budgets),Low-Medium (Contractual liabilities in CDMO and specialized health products)
Biocon,Medium-High (US FDA pre-approval inspection observations for biosimilar sites),High (~82% export revenue following Viatris biosimilars acquisition),Low-Medium (Transitioning from partner distribution to direct commercialization),High (Substantial USD and EUR debt and revenue exposure),"Medium-High (High capex requirements, fierce biosimilar price competition, debt leverage)",High (Biosimilar BPCIA 'patent dance' litigation with innovator biopharma)
Gland Pharma,Medium (US FDA audits at Hyderabad sterile injectable units; Cenexi Europe integration),"Very High (~84% export revenue, predominantly US B2B sterile injectables)","Medium (B2B marketing partners like Baxter, Hikma, and Fresenius Kabi)",High (Dominantly USD and Euro-based business model),Low-Medium (High technical entry barriers in complex injectables & CDMO),Low (Marketing partners bear front-end litigation and patent defense risk)
Jubilant Pharmova,High (US FDA Warning Letter at Nanjangud API site; inspection at Montreal Radiopharma),"High (~83% export revenue, US Radiopharma and Allergy Immunotherapy focus)","Low-Medium (US radiopharmacies, hospitals, and specialized medical clinics)",High (USD denominated revenue structure),Medium (Turnaround execution in US radiopharma network and contract manufacturing),Low-Medium (Specialized radiopharmaceutical nuclear safety & compliance)
