company_id,factor,source,source_date,source_location,evidence,analyst_note,assessment_date,analyst,review_status
Sun Pharma,regulatory,https://sunpharma.com/wp-content/uploads/2025/09/SEIntimationHalolUpdate.pdf,2025-09-09,PDF page 1; Update on US FDA Inspection at Sun Pharma Halol Facility,"The dated company filing reports Halol classified OAI and under an import alert restricting US shipments, subject to shortage exemptions.","Report context only; verify scope, dates and subsequent developments. No qualitative rating is assigned. User narrative (unverified): Medium-High (US FDA OAI/Warning letters at Halol & Mohali sites). Narrative labels are not independently scored and may use a different risk dimension.",2026-10-04,Codex source-based assessment; independent analyst review pending,ASSESSED
Sun Pharma,geographic,https://sunpharma.com/wp-content/uploads/2026/07/Sun-Pharma_AR-2025-26.pdf,2026-03-31,PDF page 302; consolidated segment disclosure unless noted,"India revenue was 196,941.90 of total 582,201.10 (33.83%); values use the report’s units.","Report context only; verify scope, dates and subsequent developments. No qualitative rating is assigned. User narrative (unverified): High (~65% international, heavy US & Emerging Markets presence). Narrative labels are not independently scored and may use a different risk dimension.",2026-10-04,Codex research draft; independent analyst review pending,ASSESSED
Sun Pharma,customer,https://sunpharma.com/wp-content/uploads/2026/07/Sun-Pharma_AR-2025-26.pdf,2026-03-31,PDF page 302; consolidated segment disclosure unless noted,The consolidated segment note states no customer contributes more than 10% of revenue.,"Report context only; verify scope, dates and subsequent developments. No qualitative rating is assigned. User narrative (unverified): Low (Broad distribution across global wholesalers & retail networks). Narrative labels are not independently scored and may use a different risk dimension.",2026-10-04,Codex research draft; independent analyst review pending,ASSESSED
Sun Pharma,fx,,,,,"Report context only; verify scope, dates and subsequent developments. No qualitative rating is assigned. User narrative (unverified): High (Significant USD, BRL, RUB, and EM currency exposures). Narrative labels are not independently scored and may use a different risk dimension.",,,UNASSESSED
Sun Pharma,business,,,,,"Report context only; verify scope, dates and subsequent developments. No qualitative rating is assigned. User narrative (unverified): Low-Medium (Balanced portfolio across global specialty, generics & India branded). Narrative labels are not independently scored and may use a different risk dimension.",,,UNASSESSED
Sun Pharma,litigation,,,,,"Report context only; verify scope, dates and subsequent developments. No qualitative rating is assigned. User narrative (unverified): Medium (US antitrust pricing litigation, generic patent challenges). Narrative labels are not independently scored and may use a different risk dimension.",,,UNASSESSED
Dr. Reddy's,regulatory,,,,,"Report context only; verify scope, dates and subsequent developments. No qualitative rating is assigned. User narrative (unverified): Medium-High (US FDA Form 483 observations at Duvvada & Srikakulam API units). Narrative labels are not independently scored and may use a different risk dimension.",,,UNASSESSED
Dr. Reddy's,geographic,https://www.drreddys.com/cms/cms/sites/default/files/2025-06/Integrated%20Annual%20Report%202024-25.pdf,2025-03-31,PDF page 206; consolidated segment disclosure unless noted,"United States revenue was 149,351.00 of total 325,535.00 (45.88%); values use the report’s units.","Report context only; verify scope, dates and subsequent developments. No qualitative rating is assigned. User narrative (unverified): High (~70% international, major revenue from US & Russia/CIS). Narrative labels are not independently scored and may use a different risk dimension.",2026-10-04,Codex research draft; independent analyst review pending,ASSESSED
Dr. Reddy's,customer,https://www.drreddys.com/cms/cms/sites/default/files/2025-06/Integrated%20Annual%20Report%202024-25.pdf,2025-03-31,PDF page 207; consolidated segment disclosure unless noted,The consolidated disclosures state no individual customer represents more than 10% of revenue.,"Report context only; verify scope, dates and subsequent developments. No qualitative rating is assigned. User narrative (unverified): Low (Fragmented buyer base across US, India, and ROW markets). Narrative labels are not independently scored and may use a different risk dimension.",2026-10-04,Codex research draft; independent analyst review pending,ASSESSED
Dr. Reddy's,fx,,,,,"Report context only; verify scope, dates and subsequent developments. No qualitative rating is assigned. User narrative (unverified): High (Substantial exposure to USD, Ruble, and Euro fluctuations). Narrative labels are not independently scored and may use a different risk dimension.",,,UNASSESSED
Dr. Reddy's,business,https://www.drreddys.com/cms/cms/sites/default/files/2025-06/Integrated%20Annual%20Report%202024-25.pdf,2025-03-31,PDF page 205; consolidated segment disclosure unless noted,"Global Generics revenue was 289,552 of consolidated revenue 325,535 (approximately 89%).","Report context only; verify scope, dates and subsequent developments. No qualitative rating is assigned. User narrative (unverified): Medium (Pivot toward biosimilars, cell therapy & complex CDMO execution). Narrative labels are not independently scored and may use a different risk dimension.",2026-10-04,Codex research draft; independent analyst review pending,ASSESSED
Dr. Reddy's,litigation,,,,,"Report context only; verify scope, dates and subsequent developments. No qualitative rating is assigned. User narrative (unverified): Medium-High (Patent litigation on key products like gRevlimid, gSuboxone). Narrative labels are not independently scored and may use a different risk dimension.",,,UNASSESSED
Cipla,regulatory,,,,,"Report context only; verify scope, dates and subsequent developments. No qualitative rating is assigned. User narrative (unverified): Medium (US FDA observations / OAI status at Indore and Pithampur facilities). Narrative labels are not independently scored and may use a different risk dimension.",,,UNASSESSED
Cipla,geographic,https://www.cipla.com/sites/default/files/Cipla-AR-2024-25.pdf,2025-03-31,PDF page 410; consolidated segment disclosure unless noted,"India revenue was 11,614.67 of total 27,547.62 (42.16%); values use the report’s units.","Report context only; verify scope, dates and subsequent developments. No qualitative rating is assigned. User narrative (unverified): Medium (~45% international, strong anchor in India & South Africa). Narrative labels are not independently scored and may use a different risk dimension.",2026-10-04,Codex research draft; independent analyst review pending,ASSESSED
Cipla,customer,https://www.cipla.com/sites/default/files/Cipla-AR-2024-25.pdf,2025-03-31,PDF page 410; consolidated segment disclosure unless noted,"No external customer contributes 10% or more of the Group’s revenue, according to the consolidated segment disclosure.","Report context only; verify scope, dates and subsequent developments. No qualitative rating is assigned. User narrative (unverified): Low (Diverse retail chemist, hospital, and distributor network). Narrative labels are not independently scored and may use a different risk dimension.",2026-10-04,Codex research draft; independent analyst review pending,ASSESSED
Cipla,fx,,,,,"Report context only; verify scope, dates and subsequent developments. No qualitative rating is assigned. User narrative (unverified): Medium (Primary exposure to USD and South African Rand). Narrative labels are not independently scored and may use a different risk dimension.",,,UNASSESSED
Cipla,business,https://www.cipla.com/sites/default/files/Cipla-AR-2024-25.pdf,2025-03-31,PDF page 410; consolidated segment disclosure unless noted,"Pharmaceuticals segment revenue was 26,446.33; New Ventures 1,303.36, before eliminations of 202.07. Pharmaceuticals represents over 95% of external consolidated revenue 27,547.62.","Report context only; verify scope, dates and subsequent developments. No qualitative rating is assigned. User narrative (unverified): Low (Stable, high-margin respiratory & chronic branded generics engine). Narrative labels are not independently scored and may use a different risk dimension.",2026-10-04,Codex research draft; independent analyst review pending,ASSESSED
Cipla,litigation,,,,,"Report context only; verify scope, dates and subsequent developments. No qualitative rating is assigned. User narrative (unverified): Low-Medium (Routine ANDA patent challenges in US respiratory segment). Narrative labels are not independently scored and may use a different risk dimension.",,,UNASSESSED
Zydus Lifesciences,regulatory,,,,,"Report context only; verify scope, dates and subsequent developments. No qualitative rating is assigned. User narrative (unverified): Medium (Periodic US FDA inspections across injectables and oral solid sites). Narrative labels are not independently scored and may use a different risk dimension.",,,UNASSESSED
Zydus Lifesciences,geographic,https://www.zyduslife.com/investor/admin/uploads/14/2/2025-2026.pdf,2026-03-31,PDF page 364; consolidated segment disclosure unless noted,"United States revenue was 117,171.00 of total 271,484.00 (43.16%); values use the report’s units.","Report context only; verify scope, dates and subsequent developments. No qualitative rating is assigned. User narrative (unverified): Medium-High (~55% international, US formulation dependence). Narrative labels are not independently scored and may use a different risk dimension.",2026-10-04,Codex research draft; independent analyst review pending,ASSESSED
Zydus Lifesciences,customer,https://www.zyduslife.com/investor/admin/uploads/14/2/2025-2026.pdf,2026-03-31,PDF page 364; consolidated segment disclosure unless noted,"A disclosed external customer contributed 33,642 of total revenue 271,484 (12.39%).","Report context only; verify scope, dates and subsequent developments. No qualitative rating is assigned. User narrative (unverified): Low (Broad wholesale distributor coverage in the US and India). Narrative labels are not independently scored and may use a different risk dimension.",2026-10-04,Codex research draft; independent analyst review pending,ASSESSED
Zydus Lifesciences,fx,,,,,"Report context only; verify scope, dates and subsequent developments. No qualitative rating is assigned. User narrative (unverified): Medium-High (USD sensitivity driven by US formulations market). Narrative labels are not independently scored and may use a different risk dimension.",,,UNASSESSED
Zydus Lifesciences,business,,,,,"Report context only; verify scope, dates and subsequent developments. No qualitative rating is assigned. User narrative (unverified): Low-Medium (Strong India formulation base balancing US generic erosion). Narrative labels are not independently scored and may use a different risk dimension.",,,UNASSESSED
Zydus Lifesciences,litigation,,,,,"Report context only; verify scope, dates and subsequent developments. No qualitative rating is assigned. User narrative (unverified): Medium (Active patent challenges for high-value generic launches). Narrative labels are not independently scored and may use a different risk dimension.",,,UNASSESSED
Lupin,regulatory,https://www.lupin.com/integrated-report-2026/manufacturing-capital.html,2026-03-31,FY26 Manufacturing Capital; Regulatory Compliance and Recalls,"The FY26 report discloses one OAI outcome at Pithampur Unit-II, zero warning letters during the year and observations being addressed.","Report context only; verify scope, dates and subsequent developments. No qualitative rating is assigned. User narrative (unverified): High (History of US FDA Warning Letters across Tarapur, Somerset, Pithampur). Narrative labels are not independently scored and may use a different risk dimension.",2026-10-04,Codex source-based assessment; independent analyst review pending,ASSESSED
Lupin,geographic,https://www.lupin.com/integrated-report-2026/business-review.html,2026-03-31,FY26 Business Review; United States and India sections,The US business contributed 42% of consolidated global revenue; India Formulations contributed about 30%.,"Report context only; verify scope, dates and subsequent developments. No qualitative rating is assigned. User narrative (unverified): High (~65% international, primary focus on US and Japan). Narrative labels are not independently scored and may use a different risk dimension.",2026-10-04,Codex source-based assessment; independent analyst review pending,ASSESSED
Lupin,customer,https://www.lupin.com/wp-content/uploads/2025/07/integrated-report-consolidated.pdf,2025-03-31,PDF page 293; consolidated segment disclosure unless noted,"The major USA customer disclosed in the consolidated segment note contributed 19,632.1 of revenue 227,079 (8.65%).","Report context only; verify scope, dates and subsequent developments. No qualitative rating is assigned. User narrative (unverified): Low (Standard pharmaceutical wholesaler and GPO relationships). Narrative labels are not independently scored and may use a different risk dimension.",2026-10-04,Codex research draft; independent analyst review pending,ASSESSED
Lupin,fx,,,,,"Report context only; verify scope, dates and subsequent developments. No qualitative rating is assigned. User narrative (unverified): High (Substantial USD and JPY foreign currency exposure). Narrative labels are not independently scored and may use a different risk dimension.",,,UNASSESSED
Lupin,business,https://www.lupin.com/wp-content/uploads/2025/07/integrated-report-consolidated.pdf,2025-03-31,PDF page 293; consolidated segment disclosure unless noted,"Pharmaceuticals segment revenue was 226,043.1, versus other business 1,054.5; consolidated external revenue was 227,079 after eliminations.","Report context only; verify scope, dates and subsequent developments. No qualitative rating is assigned. User narrative (unverified): Medium (Execution risk in complex respiratory and biosimilar pipeline). Narrative labels are not independently scored and may use a different risk dimension.",2026-10-04,Codex research draft; independent analyst review pending,ASSESSED
Lupin,litigation,,,,,"Report context only; verify scope, dates and subsequent developments. No qualitative rating is assigned. User narrative (unverified): Medium (US generic pricing class action lawsuits & patent disputes). Narrative labels are not independently scored and may use a different risk dimension.",,,UNASSESSED
Aurobindo Pharma,regulatory,,,,,"Report context only; verify scope, dates and subsequent developments. No qualitative rating is assigned. User narrative (unverified): High (Repeated US FDA observations and OAI status across multiple API/formulation plants). Narrative labels are not independently scored and may use a different risk dimension.",,,UNASSESSED
Aurobindo Pharma,geographic,,,,,"Report context only; verify scope, dates and subsequent developments. No qualitative rating is assigned. User narrative (unverified): Very High (~88% international, heavy reliance on US & Europe). Narrative labels are not independently scored and may use a different risk dimension.",,,UNASSESSED
Aurobindo Pharma,customer,,,,,"Report context only; verify scope, dates and subsequent developments. No qualitative rating is assigned. User narrative (unverified): Low-Medium (Exposure to top US GPO purchasing alliances). Narrative labels are not independently scored and may use a different risk dimension.",,,UNASSESSED
Aurobindo Pharma,fx,,,,,"Report context only; verify scope, dates and subsequent developments. No qualitative rating is assigned. User narrative (unverified): High (Heavy reliance on USD and EUR revenues). Narrative labels are not independently scored and may use a different risk dimension.",,,UNASSESSED
Aurobindo Pharma,business,,,,,"Report context only; verify scope, dates and subsequent developments. No qualitative rating is assigned. User narrative (unverified): Medium (Exposure to commodity generic price erosion and API cost volatility). Narrative labels are not independently scored and may use a different risk dimension.",,,UNASSESSED
Aurobindo Pharma,litigation,,,,,"Report context only; verify scope, dates and subsequent developments. No qualitative rating is assigned. User narrative (unverified): Medium-High (US antitrust pricing litigation & environmental API claims). Narrative labels are not independently scored and may use a different risk dimension.",,,UNASSESSED
Glenmark Pharma,regulatory,https://www.fda.gov/inspections-compliance-enforcement-and-criminal-investigations/warning-letters/glenmark-pharmaceuticals-limited-708270-07112025,2025-07-11,FDA warning letter 320-25-92; Pithampur; Repeat Violations at Multiple Sites,FDA issued a warning letter describing significant CGMP violations at the Pithampur facility and repeated failures across company sites.,"Report context only; verify scope, dates and subsequent developments. No qualitative rating is assigned. User narrative (unverified): Medium-High (US FDA import alert on Monroe site, OAI at Baddi formulation plant). Narrative labels are not independently scored and may use a different risk dimension.",2026-10-04,Codex source-based assessment; independent analyst review pending,ASSESSED
Glenmark Pharma,geographic,https://glenmarkpharma.com/gpl_pdfs/investors/reports_presentations/Integrated_Annual_Report_FY_2024-25.pdf,2025-03-31,PDF page 392; consolidated segment disclosure unless noted,"India revenue was 44,844.85 of total 133,217.40 (33.66%); values use the report’s units.","Report context only; verify scope, dates and subsequent developments. No qualitative rating is assigned. User narrative (unverified): High (~68% international, US, Europe, LatAm, and ROW markets). Narrative labels are not independently scored and may use a different risk dimension.",2026-10-04,Codex research draft; independent analyst review pending,ASSESSED
Glenmark Pharma,customer,,,,,"Report context only; verify scope, dates and subsequent developments. No qualitative rating is assigned. User narrative (unverified): Low (Well-distributed across multi-regional pharmacy chains and trade). Narrative labels are not independently scored and may use a different risk dimension.",,,UNASSESSED
Glenmark Pharma,fx,,,,,"Report context only; verify scope, dates and subsequent developments. No qualitative rating is assigned. User narrative (unverified): High (Multi-currency exposure including USD, BRL, and EUR). Narrative labels are not independently scored and may use a different risk dimension.",,,UNASSESSED
Glenmark Pharma,business,https://glenmarkpharma.com/gpl_pdfs/investors/reports_presentations/Integrated_Annual_Report_FY_2024-25.pdf,2025-03-31,PDF page 391; consolidated segment disclosure unless noted,The consolidated segment disclosure identifies a single reportable pharmaceuticals business segment.,"Report context only; verify scope, dates and subsequent developments. No qualitative rating is assigned. User narrative (unverified): Medium (R&D burn rate for novel NCE/NBE innovation platform Ichnos). Narrative labels are not independently scored and may use a different risk dimension.",2026-10-04,Codex research draft; independent analyst review pending,ASSESSED
Glenmark Pharma,litigation,,,,,"Report context only; verify scope, dates and subsequent developments. No qualitative rating is assigned. User narrative (unverified): High (DOJ antitrust settlements regarding generic pricing, patent claims). Narrative labels are not independently scored and may use a different risk dimension.",,,UNASSESSED
Torrent Pharma,regulatory,,,,,"Report context only; verify scope, dates and subsequent developments. No qualitative rating is assigned. User narrative (unverified): Low-Medium (US FDA Warning Letter resolution underway; Indrad/Dahej facilities). Narrative labels are not independently scored and may use a different risk dimension.",,,UNASSESSED
Torrent Pharma,geographic,https://www.torrentpharma.com/pdf/investors/AR-2025-26.pdf,2026-03-31,PDF page 197; consolidated segment disclosure unless noted,"India revenue was 8,161.35 of total 13,979.73 (58.38%); values use the report’s units.","Report context only; verify scope, dates and subsequent developments. No qualitative rating is assigned. User narrative (unverified): Medium (~48% international, core strength in India and Brazil branded markets). Narrative labels are not independently scored and may use a different risk dimension.",2026-10-04,Codex research draft; independent analyst review pending,ASSESSED
Torrent Pharma,customer,https://www.torrentpharma.com/pdf/investors/AR-2025-26.pdf,2026-03-31,PDF page 198; consolidated segment disclosure unless noted,"No individual external customer contributes more than 10% of total revenue, according to the consolidated segment note.","Report context only; verify scope, dates and subsequent developments. No qualitative rating is assigned. User narrative (unverified): Low (Highly fragmented retail trade and prescriber base). Narrative labels are not independently scored and may use a different risk dimension.",2026-10-04,Codex research draft; independent analyst review pending,ASSESSED
Torrent Pharma,fx,,,,,"Report context only; verify scope, dates and subsequent developments. No qualitative rating is assigned. User narrative (unverified): Medium (Exposures primarily in USD, Brazilian Real, and Euro). Narrative labels are not independently scored and may use a different risk dimension.",,,UNASSESSED
Torrent Pharma,business,https://www.torrentpharma.com/pdf/investors/AR-2025-26.pdf,2026-03-31,PDF page 197; consolidated segment disclosure unless noted,The consolidated segment disclosure identifies a single Generic Formulation Business segment.,"Report context only; verify scope, dates and subsequent developments. No qualitative rating is assigned. User narrative (unverified): Low (High proportion of branded chronic formulations ensures cash flow stability). Narrative labels are not independently scored and may use a different risk dimension.",2026-10-04,Codex research draft; independent analyst review pending,ASSESSED
Torrent Pharma,litigation,,,,,"Report context only; verify scope, dates and subsequent developments. No qualitative rating is assigned. User narrative (unverified): Low (Minimal exposure to aggressive US generic patent litigation). Narrative labels are not independently scored and may use a different risk dimension.",,,UNASSESSED
Mankind Pharma,regulatory,,,,,"Report context only; verify scope, dates and subsequent developments. No qualitative rating is assigned. User narrative (unverified): Low (Over 95% domestic revenue; low exposure to US FDA regulatory enforcement). Narrative labels are not independently scored and may use a different risk dimension.",,,UNASSESSED
Mankind Pharma,geographic,https://www.mankindpharma.com/wp-content/uploads/2025/07/annual_report_07.pdf?v=1,2025-03-31,PDF page 246; consolidated segment disclosure unless noted,"India revenue was 10,674.96 of total 12,207.44 (87.45%); values use the report’s units.","Report context only; verify scope, dates and subsequent developments. No qualitative rating is assigned. User narrative (unverified): Low (~3-5% export revenue, overwhelmingly domestic focus). Narrative labels are not independently scored and may use a different risk dimension.",2026-10-04,Codex research draft; independent analyst review pending,ASSESSED
Mankind Pharma,customer,https://www.mankindpharma.com/wp-content/uploads/2025/07/annual_report_07.pdf?v=1,2025-03-31,PDF page 246; consolidated segment disclosure unless noted,The consolidated note states no external customer contributes more than 10% of revenue.,"Report context only; verify scope, dates and subsequent developments. No qualitative rating is assigned. User narrative (unverified): Low (Massive distribution footprint across 500,000+ Indian retail chemists). Narrative labels are not independently scored and may use a different risk dimension.",2026-10-04,Codex research draft; independent analyst review pending,ASSESSED
Mankind Pharma,fx,,,,,"Report context only; verify scope, dates and subsequent developments. No qualitative rating is assigned. User narrative (unverified): Low (Predominantly INR denominated revenue and cost structure). Narrative labels are not independently scored and may use a different risk dimension.",,,UNASSESSED
Mankind Pharma,business,https://www.mankindpharma.com/wp-content/uploads/2025/07/annual_report_07.pdf?v=1,2025-03-31,PDF page 246; consolidated segment disclosure unless noted,The consolidated segment disclosure identifies a single pharmaceuticals business segment.,"Report context only; verify scope, dates and subsequent developments. No qualitative rating is assigned. User narrative (unverified): Low (Dominant position in domestic acute/chronic therapy and consumer healthcare). Narrative labels are not independently scored and may use a different risk dimension.",2026-10-04,Codex research draft; independent analyst review pending,ASSESSED
Mankind Pharma,litigation,,,,,"Report context only; verify scope, dates and subsequent developments. No qualitative rating is assigned. User narrative (unverified): Low (Limited to domestic trademark, brand name, or NPPA pricing disputes). Narrative labels are not independently scored and may use a different risk dimension.",,,UNASSESSED
Alkem Labs,regulatory,,,,,"Report context only; verify scope, dates and subsequent developments. No qualitative rating is assigned. User narrative (unverified): Low-Medium (US FDA observations at St. Louis facility; domestic plants compliant). Narrative labels are not independently scored and may use a different risk dimension.",,,UNASSESSED
Alkem Labs,geographic,https://admin.alkemlabs.com/uploads/Alkem_Labs_AR_2024_25_d712ae10bd.pdf,2025-03-31,PDF page 318; consolidated segment disclosure unless noted,"India revenue was 91,435.70 of total 129,645.20 (70.53%); values use the report’s units.","Report context only; verify scope, dates and subsequent developments. No qualitative rating is assigned. User narrative (unverified): Low-Medium (~28% export revenue, predominantly US market). Narrative labels are not independently scored and may use a different risk dimension.",2026-10-04,Codex research draft; independent analyst review pending,ASSESSED
Alkem Labs,customer,,,,,"Report context only; verify scope, dates and subsequent developments. No qualitative rating is assigned. User narrative (unverified): Low (Extensive Indian stockist network and US trade distributors). Narrative labels are not independently scored and may use a different risk dimension.",,,UNASSESSED
Alkem Labs,fx,,,,,"Report context only; verify scope, dates and subsequent developments. No qualitative rating is assigned. User narrative (unverified): Low-Medium (USD earnings offset by domestic INR cash flows). Narrative labels are not independently scored and may use a different risk dimension.",,,UNASSESSED
Alkem Labs,business,https://admin.alkemlabs.com/uploads/Alkem_Labs_AR_2024_25_d712ae10bd.pdf,2025-03-31,PDF page 318; consolidated segment disclosure unless noted,The consolidated segment disclosure identifies a single pharmaceuticals business segment.,"Report context only; verify scope, dates and subsequent developments. No qualitative rating is assigned. User narrative (unverified): Low (Entrenched acute leadership in India providing steady recurring cash). Narrative labels are not independently scored and may use a different risk dimension.",2026-10-04,Codex research draft; independent analyst review pending,ASSESSED
Alkem Labs,litigation,,,,,"Report context only; verify scope, dates and subsequent developments. No qualitative rating is assigned. User narrative (unverified): Low-Medium (Minor generic patent litigation in the US market). Narrative labels are not independently scored and may use a different risk dimension.",,,UNASSESSED
Abbott India,regulatory,,,,,"Report context only; verify scope, dates and subsequent developments. No qualitative rating is assigned. User narrative (unverified): Low (Governed by global Abbott quality standards; compliant with India CDSCO). Narrative labels are not independently scored and may use a different risk dimension.",,,UNASSESSED
Abbott India,geographic,,,,,"Report context only; verify scope, dates and subsequent developments. No qualitative rating is assigned. User narrative (unverified): Very Low (<2% export revenue, almost 100% India domestic focus). Narrative labels are not independently scored and may use a different risk dimension.",,,UNASSESSED
Abbott India,customer,https://www.abbott.co.in/content/dam/corp/abbott/en-ind/pdf/financials/2025-26-Annual-Report.pdf,2026-03-31,PDF page 225; consolidated segment disclosure unless noted,The segment disclosure states no individual customer contributes more than 10% of revenue.,"Report context only; verify scope, dates and subsequent developments. No qualitative rating is assigned. User narrative (unverified): Low (Nationwide trade channel and hospital distribution networks). Narrative labels are not independently scored and may use a different risk dimension.",2026-10-04,Codex research draft; independent analyst review pending,ASSESSED
Abbott India,fx,https://www.abbott.co.in/content/dam/corp/abbott/en-ind/pdf/financials/2025-26-Annual-Report.pdf,2026-03-31,"PDF pages 234 (foreign currency sensitivity) and 217 (PAT, note 33)","FY26 sensitivity to a 1% FX move is INR 1.65 crore in profit before tax; annual PAT is INR 1,552.02 crore. A linear 10% shock approximation is INR 16.50 crore, or 1.06% of PAT.","Report context only; verify scope, dates and subsequent developments. No qualitative rating is assigned. User narrative (unverified): Low (INR revenue base; minor FX risk on imported active raw materials). Narrative labels are not independently scored and may use a different risk dimension.",2026-10-04,Codex source-based assessment; independent analyst review pending,ASSESSED
Abbott India,business,https://www.abbott.co.in/content/dam/corp/abbott/en-ind/pdf/financials/2025-26-Annual-Report.pdf,2026-03-31,PDF page 225; consolidated segment disclosure unless noted,The company discloses a single pharmaceuticals reportable business segment.,"Report context only; verify scope, dates and subsequent developments. No qualitative rating is assigned. User narrative (unverified): Very Low (Monopoly/legacy positions in key therapies like Thyronorm, Duphaston). Narrative labels are not independently scored and may use a different risk dimension.",2026-10-04,Codex research draft; independent analyst review pending,ASSESSED
Abbott India,litigation,,,,,"Report context only; verify scope, dates and subsequent developments. No qualitative rating is assigned. User narrative (unverified): Low (Routine domestic regulatory, NPPA price ceiling, or tax matters). Narrative labels are not independently scored and may use a different risk dimension.",,,UNASSESSED
Ipca Labs,regulatory,,,,,"Report context only; verify scope, dates and subsequent developments. No qualitative rating is assigned. User narrative (unverified): High (Historical US FDA import alerts at Ratlam API and Indore/Silvassa sites). Narrative labels are not independently scored and may use a different risk dimension.",,,UNASSESSED
Ipca Labs,geographic,https://www.ipca.com/wp-content/pdf/financials/annual-reports/annual_report_2024_25.pdf,2025-03-31,PDF page 240; consolidated segment disclosure unless noted,"India revenue was 4,042.02 of total 8,939.59 (45.21%); values use the report’s units.","Report context only; verify scope, dates and subsequent developments. No qualitative rating is assigned. User narrative (unverified): Medium (~46% export, strong presence in UK, Europe, Global Fund, ROW). Narrative labels are not independently scored and may use a different risk dimension.",2026-10-04,Codex research draft; independent analyst review pending,ASSESSED
Ipca Labs,customer,https://www.ipca.com/wp-content/pdf/financials/annual-reports/annual_report_2024_25.pdf,2025-03-31,PDF page 240; consolidated segment disclosure unless noted,The consolidated note states no individual customer contributes 10% or more of total revenue.,"Report context only; verify scope, dates and subsequent developments. No qualitative rating is assigned. User narrative (unverified): Low (Institutional tenders combined with retail pharmacy distribution). Narrative labels are not independently scored and may use a different risk dimension.",2026-10-04,Codex research draft; independent analyst review pending,ASSESSED
Ipca Labs,fx,,,,,"Report context only; verify scope, dates and subsequent developments. No qualitative rating is assigned. User narrative (unverified): Medium (GBP, EUR, and USD currency exposure). Narrative labels are not independently scored and may use a different risk dimension.",,,UNASSESSED
Ipca Labs,business,https://www.ipca.com/wp-content/pdf/financials/annual-reports/annual_report_2024_25.pdf,2025-03-31,PDF page 239; consolidated segment disclosure unless noted,The consolidated segment disclosure identifies a single pharmaceuticals business segment.,"Report context only; verify scope, dates and subsequent developments. No qualitative rating is assigned. User narrative (unverified): Low-Medium (Strong domestic branded position cushions US market restriction). Narrative labels are not independently scored and may use a different risk dimension.",2026-10-04,Codex research draft; independent analyst review pending,ASSESSED
Ipca Labs,litigation,,,,,"Report context only; verify scope, dates and subsequent developments. No qualitative rating is assigned. User narrative (unverified): Low-Medium (Environmental regulations for heavy API manufacturing). Narrative labels are not independently scored and may use a different risk dimension.",,,UNASSESSED
Ajanta Pharma,regulatory,,,,,"Report context only; verify scope, dates and subsequent developments. No qualitative rating is assigned. User narrative (unverified): Low (Exceptional regulatory track record across US FDA inspected sites in Dahej/Paithan). Narrative labels are not independently scored and may use a different risk dimension.",,,UNASSESSED
Ajanta Pharma,geographic,https://www.ajantapharma.com/assets/frontend/images/investors/files/annual_results/1781758151_AjantaPharma-AR-2025-26.pdf,2026-03-31,PDF page 95; consolidated segment disclosure unless noted,"Emerging Markets revenue was 2,036.56 of total 5,407.26 (37.66%); values use the report’s units.","Report context only; verify scope, dates and subsequent developments. No qualitative rating is assigned. User narrative (unverified): High (~70% export revenue across US, Africa, Asia, and Middle East). Narrative labels are not independently scored and may use a different risk dimension.",2026-10-04,Codex research draft; independent analyst review pending,ASSESSED
Ajanta Pharma,customer,,,,,"Report context only; verify scope, dates and subsequent developments. No qualitative rating is assigned. User narrative (unverified): Low (Customized branded generic model in emerging markets). Narrative labels are not independently scored and may use a different risk dimension.",,,UNASSESSED
Ajanta Pharma,fx,https://www.ajantapharma.com/assets/frontend/images/investors/files/annual_results/1781758151_AjantaPharma-AR-2025-26.pdf,2026-03-31,PDF page 91 (consolidated currency risk) and page 69 (consolidated profit),"FY26 1% FX sensitivity amounts are INR 10.86 crore USD, 0.29 EUR, 0.57 MUR and 0.89 PHP; smaller currencies round to zero. Consolidated PAT is INR 1,056.00 crore. A summed 10% shock approximation of INR 126.10 crore equals 11.94% of PAT.","Report context only; verify scope, dates and subsequent developments. No qualitative rating is assigned. User narrative (unverified): Medium-High (USD and emerging market currency volatility risks). Narrative labels are not independently scored and may use a different risk dimension.",2026-10-04,Codex source-based assessment; independent analyst review pending,ASSESSED
Ajanta Pharma,business,https://www.ajantapharma.com/assets/frontend/images/investors/files/annual_results/1781758151_AjantaPharma-AR-2025-26.pdf,2026-03-31,PDF page 95; consolidated segment disclosure unless noted,The consolidated segment disclosure identifies a single pharmaceuticals business segment.,"Report context only; verify scope, dates and subsequent developments. No qualitative rating is assigned. User narrative (unverified): Low (First-to-market branded generic strategy in high-growth emerging markets). Narrative labels are not independently scored and may use a different risk dimension.",2026-10-04,Codex research draft; independent analyst review pending,ASSESSED
Ajanta Pharma,litigation,,,,,"Report context only; verify scope, dates and subsequent developments. No qualitative rating is assigned. User narrative (unverified): Low (Focus on non-infringing formulations and first-to-market branded off-patents). Narrative labels are not independently scored and may use a different risk dimension.",,,UNASSESSED
Divi's Labs,regulatory,,,,,"Report context only; verify scope, dates and subsequent developments. No qualitative rating is assigned. User narrative (unverified): Low (Impeccable US FDA audit history across Unit I & II manufacturing hubs). Narrative labels are not independently scored and may use a different risk dimension.",,,UNASSESSED
Divi's Labs,geographic,,,,,"Report context only; verify scope, dates and subsequent developments. No qualitative rating is assigned. User narrative (unverified): Very High (~88% export revenue to top global Innovator pharmaceutical firms). Narrative labels are not independently scored and may use a different risk dimension.",,,UNASSESSED
Divi's Labs,customer,,,,,"Report context only; verify scope, dates and subsequent developments. No qualitative rating is assigned. User narrative (unverified): Medium (Concentrated relationships with top-10 global Big Pharma clients). Narrative labels are not independently scored and may use a different risk dimension.",,,UNASSESSED
Divi's Labs,fx,,,,,"Report context only; verify scope, dates and subsequent developments. No qualitative rating is assigned. User narrative (unverified): High (Revenues largely denominated in USD and EUR). Narrative labels are not independently scored and may use a different risk dimension.",,,UNASSESSED
Divi's Labs,business,,,,,"Report context only; verify scope, dates and subsequent developments. No qualitative rating is assigned. User narrative (unverified): Low (Global API cost leadership moat, chemistry IP, custom synthesis stability). Narrative labels are not independently scored and may use a different risk dimension.",,,UNASSESSED
Divi's Labs,litigation,,,,,"Report context only; verify scope, dates and subsequent developments. No qualitative rating is assigned. User narrative (unverified): Very Low (B2B API supplier model minimizes direct patent infringement exposure). Narrative labels are not independently scored and may use a different risk dimension.",,,UNASSESSED
Laurus Labs,regulatory,,,,,"Report context only; verify scope, dates and subsequent developments. No qualitative rating is assigned. User narrative (unverified): Medium (US FDA inspection observations at Visakhapatnam manufacturing units). Narrative labels are not independently scored and may use a different risk dimension.",,,UNASSESSED
Laurus Labs,geographic,,,,,"Report context only; verify scope, dates and subsequent developments. No qualitative rating is assigned. User narrative (unverified): High (~72% export revenue across ARV APIs, CDMO, and synthesis). Narrative labels are not independently scored and may use a different risk dimension.",,,UNASSESSED
Laurus Labs,customer,,,,,"Report context only; verify scope, dates and subsequent developments. No qualitative rating is assigned. User narrative (unverified): Medium (Reliance on global ARV procurement programs and key CDMO sponsors). Narrative labels are not independently scored and may use a different risk dimension.",,,UNASSESSED
Laurus Labs,fx,,,,,"Report context only; verify scope, dates and subsequent developments. No qualitative rating is assigned. User narrative (unverified): High (Significant USD earnings volatility risk). Narrative labels are not independently scored and may use a different risk dimension.",,,UNASSESSED
Laurus Labs,business,https://www.lauruslabs.com/images/pdfs/Annual_Report_2025-26.pdf,2026-03-31,PDF page 161; consolidated segment disclosure unless noted,"The consolidated segment note describes a single business spanning APIs, intermediates and formulations.","Report context only; verify scope, dates and subsequent developments. No qualitative rating is assigned. User narrative (unverified): Medium (Transitioning away from price-sensitive ARV APIs into high-margin CDMO). Narrative labels are not independently scored and may use a different risk dimension.",2026-10-04,Codex research draft; independent analyst review pending,ASSESSED
Laurus Labs,litigation,,,,,"Report context only; verify scope, dates and subsequent developments. No qualitative rating is assigned. User narrative (unverified): Low (Mainly B2B API contract manufacturing and partner-led filings). Narrative labels are not independently scored and may use a different risk dimension.",,,UNASSESSED
Piramal Pharma,regulatory,,,,,"Report context only; verify scope, dates and subsequent developments. No qualitative rating is assigned. User narrative (unverified): Medium (US FDA inspections at US sites in Riverview/Lexington and Digwal India). Narrative labels are not independently scored and may use a different risk dimension.",,,UNASSESSED
Piramal Pharma,geographic,,,,,"Report context only; verify scope, dates and subsequent developments. No qualitative rating is assigned. User narrative (unverified): High (~78% export revenue across North America, UK, Europe CDMO). Narrative labels are not independently scored and may use a different risk dimension.",,,UNASSESSED
Piramal Pharma,customer,,,,,"Report context only; verify scope, dates and subsequent developments. No qualitative rating is assigned. User narrative (unverified): Low-Medium (Diversified global innovator biotech and pharma customer base). Narrative labels are not independently scored and may use a different risk dimension.",,,UNASSESSED
Piramal Pharma,fx,,,,,"Report context only; verify scope, dates and subsequent developments. No qualitative rating is assigned. User narrative (unverified): High (Multi-currency USD, EUR, and GBP revenue streams). Narrative labels are not independently scored and may use a different risk dimension.",,,UNASSESSED
Piramal Pharma,business,,,,,"Report context only; verify scope, dates and subsequent developments. No qualitative rating is assigned. User narrative (unverified): Medium (CDMO cyclicality tied to global biotech funding and R&D budgets). Narrative labels are not independently scored and may use a different risk dimension.",,,UNASSESSED
Piramal Pharma,litigation,,,,,"Report context only; verify scope, dates and subsequent developments. No qualitative rating is assigned. User narrative (unverified): Low-Medium (Contractual liabilities in CDMO and specialized health products). Narrative labels are not independently scored and may use a different risk dimension.",,,UNASSESSED
Biocon,regulatory,,,,,"Report context only; verify scope, dates and subsequent developments. No qualitative rating is assigned. User narrative (unverified): Medium-High (US FDA pre-approval inspection observations for biosimilar sites). Narrative labels are not independently scored and may use a different risk dimension.",,,UNASSESSED
Biocon,geographic,https://www.biocon.com/docs/Biocon_Integrated_Annual_Report_2025.pdf,2025-03-31,PDF page 413; consolidated segment disclosure unless noted,"United States revenue was 70,423.00 of total 152,617.00 (46.14%); values use the report’s units.","Report context only; verify scope, dates and subsequent developments. No qualitative rating is assigned. User narrative (unverified): High (~82% export revenue following Viatris biosimilars acquisition). Narrative labels are not independently scored and may use a different risk dimension.",2026-10-04,Codex research draft; independent analyst review pending,ASSESSED
Biocon,customer,https://www.biocon.com/docs/Biocon_Integrated_Annual_Report_2025.pdf,2025-03-31,PDF page 413; consolidated segment disclosure unless noted,The consolidated segment note states no individual customer contributes more than 10% of Group revenue.,"Report context only; verify scope, dates and subsequent developments. No qualitative rating is assigned. User narrative (unverified): Low-Medium (Transitioning from partner distribution to direct commercialization). Narrative labels are not independently scored and may use a different risk dimension.",2026-10-04,Codex research draft; independent analyst review pending,ASSESSED
Biocon,fx,,,,,"Report context only; verify scope, dates and subsequent developments. No qualitative rating is assigned. User narrative (unverified): High (Substantial USD and EUR debt and revenue exposure). Narrative labels are not independently scored and may use a different risk dimension.",,,UNASSESSED
Biocon,business,https://www.biocon.com/docs/Biocon_Integrated_Annual_Report_2025.pdf,2025-03-31,PDF page 412; consolidated segment disclosure unless noted,"Biosimilars external revenue was 89,292 of consolidated external revenue 152,617 (58.51%); other disclosed businesses were Generics and Research.","Report context only; verify scope, dates and subsequent developments. No qualitative rating is assigned. User narrative (unverified): Medium-High (High capex requirements, fierce biosimilar price competition, debt leverage). Narrative labels are not independently scored and may use a different risk dimension.",2026-10-04,Codex research draft; independent analyst review pending,ASSESSED
Biocon,litigation,,,,,"Report context only; verify scope, dates and subsequent developments. No qualitative rating is assigned. User narrative (unverified): High (Biosimilar BPCIA 'patent dance' litigation with innovator biopharma). Narrative labels are not independently scored and may use a different risk dimension.",,,UNASSESSED
Gland Pharma,regulatory,,,,,"Report context only; verify scope, dates and subsequent developments. No qualitative rating is assigned. User narrative (unverified): Medium (US FDA audits at Hyderabad sterile injectable units; Cenexi Europe integration). Narrative labels are not independently scored and may use a different risk dimension.",,,UNASSESSED
Gland Pharma,geographic,https://glandpharma.com/images/Gland%20Pharma_AR%2024-25_0408.pdf,2025-03-31,PDF page 324; consolidated segment disclosure unless noted,"United States revenue was 27,403.28 of total 56,165.04 (48.79%); values use the report’s units.","Report context only; verify scope, dates and subsequent developments. No qualitative rating is assigned. User narrative (unverified): Very High (~84% export revenue, predominantly US B2B sterile injectables). Narrative labels are not independently scored and may use a different risk dimension.",2026-10-04,Codex research draft; independent analyst review pending,ASSESSED
Gland Pharma,customer,https://glandpharma.com/images/Gland%20Pharma_AR%2024-25_0408.pdf,2025-03-31,PDF page 324; consolidated segment disclosure unless noted,"Two customers each contribute more than 10% and together contribute 13,886.40 of total revenue 56,165.04 (24.72%). Each individual share is therefore between 10% and 14.72%, within the moderate band.","Report context only; verify scope, dates and subsequent developments. No qualitative rating is assigned. User narrative (unverified): Medium (B2B marketing partners like Baxter, Hikma, and Fresenius Kabi). Narrative labels are not independently scored and may use a different risk dimension.",2026-10-04,Codex research draft; independent analyst review pending,ASSESSED
Gland Pharma,fx,,,,,"Report context only; verify scope, dates and subsequent developments. No qualitative rating is assigned. User narrative (unverified): High (Dominantly USD and Euro-based business model). Narrative labels are not independently scored and may use a different risk dimension.",,,UNASSESSED
Gland Pharma,business,https://glandpharma.com/images/Gland%20Pharma_AR%2024-25_0408.pdf,2025-03-31,PDF page 324; consolidated segment disclosure unless noted,The consolidated segment note identifies a single pharmaceuticals business segment.,"Report context only; verify scope, dates and subsequent developments. No qualitative rating is assigned. User narrative (unverified): Low-Medium (High technical entry barriers in complex injectables & CDMO). Narrative labels are not independently scored and may use a different risk dimension.",2026-10-04,Codex research draft; independent analyst review pending,ASSESSED
Gland Pharma,litigation,,,,,"Report context only; verify scope, dates and subsequent developments. No qualitative rating is assigned. User narrative (unverified): Low (Marketing partners bear front-end litigation and patent defense risk). Narrative labels are not independently scored and may use a different risk dimension.",,,UNASSESSED
Jubilant Pharmova,regulatory,https://nsearchives.nseindia.com/corporate/JUBLPHARMA_29052026210904_Exchange_Intimation_USFDA_2026F.pdf,2026-05-29,PDF page 2; company announcement and ownership paragraph,"Jubilant disclosed an FDA warning letter for the Kirkland, Canada facility and stated that remediation was underway with operations continuing under enhanced controls. The filing identifies ownership through group subsidiaries.","Report context only; verify scope, dates and subsequent developments. No qualitative rating is assigned. User narrative (unverified): High (US FDA Warning Letter at Nanjangud API site; inspection at Montreal Radiopharma). Narrative labels are not independently scored and may use a different risk dimension.",2026-10-04,Codex source-based assessment; independent analyst review pending,ASSESSED
Jubilant Pharmova,geographic,,,,,"Report context only; verify scope, dates and subsequent developments. No qualitative rating is assigned. User narrative (unverified): High (~83% export revenue, US Radiopharma and Allergy Immunotherapy focus). Narrative labels are not independently scored and may use a different risk dimension.",,,UNASSESSED
Jubilant Pharmova,customer,,,,,"Report context only; verify scope, dates and subsequent developments. No qualitative rating is assigned. User narrative (unverified): Low-Medium (US radiopharmacies, hospitals, and specialized medical clinics). Narrative labels are not independently scored and may use a different risk dimension.",,,UNASSESSED
Jubilant Pharmova,fx,,,,,"Report context only; verify scope, dates and subsequent developments. No qualitative rating is assigned. User narrative (unverified): High (USD denominated revenue structure). Narrative labels are not independently scored and may use a different risk dimension.",,,UNASSESSED
Jubilant Pharmova,business,,,,,"Report context only; verify scope, dates and subsequent developments. No qualitative rating is assigned. User narrative (unverified): Medium (Turnaround execution in US radiopharma network and contract manufacturing). Narrative labels are not independently scored and may use a different risk dimension.",,,UNASSESSED
Jubilant Pharmova,litigation,,,,,"Report context only; verify scope, dates and subsequent developments. No qualitative rating is assigned. User narrative (unverified): Low-Medium (Specialized radiopharmaceutical nuclear safety & compliance). Narrative labels are not independently scored and may use a different risk dimension.",,,UNASSESSED
