company_id,peer_group,assignment_status
Sun Pharma,Global Generics & Diversified,USER_DEFINED_BUSINESS_MODEL
Dr. Reddy's,Global Generics & Diversified,USER_DEFINED_BUSINESS_MODEL
Cipla,Global Generics & Diversified,USER_DEFINED_BUSINESS_MODEL
Zydus Lifesciences,Global Generics & Diversified,USER_DEFINED_BUSINESS_MODEL
Lupin,Global Generics & Diversified,USER_DEFINED_BUSINESS_MODEL
Aurobindo Pharma,Global Generics & Diversified,USER_DEFINED_BUSINESS_MODEL
Glenmark Pharma,Global Generics & Diversified,USER_DEFINED_BUSINESS_MODEL
Torrent Pharma,Global Generics & Diversified,USER_DEFINED_BUSINESS_MODEL
Mankind Pharma,India-Focused / Branded Formulations,USER_DEFINED_BUSINESS_MODEL
Alkem Labs,India-Focused / Branded Formulations,USER_DEFINED_BUSINESS_MODEL
Abbott India,India-Focused / Branded Formulations,USER_DEFINED_BUSINESS_MODEL
JB Chemicals,India-Focused / Branded Formulations,USER_DEFINED_BUSINESS_MODEL
Ipca Labs,India-Focused / Branded Formulations,USER_DEFINED_BUSINESS_MODEL
Ajanta Pharma,India-Focused / Branded Formulations,USER_DEFINED_BUSINESS_MODEL
Divi's Labs,API / CDMO / Contract Manufacturing,USER_DEFINED_BUSINESS_MODEL
Laurus Labs,API / CDMO / Contract Manufacturing,USER_DEFINED_BUSINESS_MODEL
Piramal Pharma,API / CDMO / Contract Manufacturing,USER_DEFINED_BUSINESS_MODEL
Gland Pharma,Complex / Specialty / Healthcare Platforms,USER_DEFINED_BUSINESS_MODEL
Biocon,Complex / Specialty / Healthcare Platforms,USER_DEFINED_BUSINESS_MODEL
Jubilant Pharmova,Complex / Specialty / Healthcare Platforms,USER_DEFINED_BUSINESS_MODEL
