company_id,factor,score,source,source_date,source_location,evidence,analyst_note,assessment_date,analyst,review_status
Sun Pharma,regulatory,,,,,,"Pending review of current official regulatory actions, affected facilities, materiality and closure evidence. No zero score inferred from missing evidence.",,,UNASSESSED
Sun Pharma,geographic,2,https://sunpharma.com/wp-content/uploads/2026/07/Sun-Pharma_AR-2025-26.pdf,2026-03-31,PDF page 302; consolidated segment disclosure unless noted,"India revenue was 196,941.90 of total 582,201.10 (33.83%); values use the report’s units.","Concentration assessed on disclosed country revenue. This is a concentration flag, not a claim of credit deterioration.",2026-10-04,Codex research draft; independent analyst review pending,ASSESSED
Sun Pharma,customer,0,https://sunpharma.com/wp-content/uploads/2026/07/Sun-Pharma_AR-2025-26.pdf,2026-03-31,PDF page 302; consolidated segment disclosure unless noted,The consolidated segment note states no customer contributes more than 10% of revenue.,Assessment uses the disclosed revenue concentration only; it does not infer customer credit quality or receivable concentration.,2026-10-04,Codex research draft; independent analyst review pending,ASSESSED
Sun Pharma,fx,,,,,,"Pending matched profit sensitivity, currency shock magnitude and positive consolidated annual profit. Export exposure alone is insufficient.",,,UNASSESSED
Sun Pharma,business,,,,,,"Pending assessment of consolidated product, therapy, business-segment or site revenue concentration.",,,UNASSESSED
Sun Pharma,litigation,,,,,,Pending reconciled litigation and tax-dispute contingent liabilities and consolidated net worth; ordinary guarantees must be excluded.,,,UNASSESSED
Dr. Reddy's,regulatory,,,,,,"Pending review of current official regulatory actions, affected facilities, materiality and closure evidence. No zero score inferred from missing evidence.",,,UNASSESSED
Dr. Reddy's,geographic,2,https://www.drreddys.com/cms/cms/sites/default/files/2025-06/Integrated%20Annual%20Report%202024-25.pdf,2025-03-31,PDF page 206; consolidated segment disclosure unless noted,"United States revenue was 149,351.00 of total 325,535.00 (45.88%); values use the report’s units.","Concentration assessed on disclosed country revenue. This is a concentration flag, not a claim of credit deterioration.",2026-10-04,Codex research draft; independent analyst review pending,ASSESSED
Dr. Reddy's,customer,0,https://www.drreddys.com/cms/cms/sites/default/files/2025-06/Integrated%20Annual%20Report%202024-25.pdf,2025-03-31,PDF page 207; consolidated segment disclosure unless noted,The consolidated disclosures state no individual customer represents more than 10% of revenue.,Assessment uses the disclosed revenue concentration only; it does not infer customer credit quality or receivable concentration.,2026-10-04,Codex research draft; independent analyst review pending,ASSESSED
Dr. Reddy's,fx,,,,,,"Pending matched profit sensitivity, currency shock magnitude and positive consolidated annual profit. Export exposure alone is insufficient.",,,UNASSESSED
Dr. Reddy's,business,4,https://www.drreddys.com/cms/cms/sites/default/files/2025-06/Integrated%20Annual%20Report%202024-25.pdf,2025-03-31,PDF page 205; consolidated segment disclosure unless noted,"Global Generics revenue was 289,552 of consolidated revenue 325,535 (approximately 89%).",High concentration in the disclosed reportable business segment. This broad accounting classification does not establish dependence on one product or factory; verify operational diversification separately.,2026-10-04,Codex research draft; independent analyst review pending,ASSESSED
Dr. Reddy's,litigation,,,,,,Pending reconciled litigation and tax-dispute contingent liabilities and consolidated net worth; ordinary guarantees must be excluded.,,,UNASSESSED
Cipla,regulatory,,,,,,"Pending review of current official regulatory actions, affected facilities, materiality and closure evidence. No zero score inferred from missing evidence.",,,UNASSESSED
Cipla,geographic,2,https://www.cipla.com/sites/default/files/Cipla-AR-2024-25.pdf,2025-03-31,PDF page 410; consolidated segment disclosure unless noted,"India revenue was 11,614.67 of total 27,547.62 (42.16%); values use the report’s units.","Concentration assessed on disclosed country revenue. This is a concentration flag, not a claim of credit deterioration.",2026-10-04,Codex research draft; independent analyst review pending,ASSESSED
Cipla,customer,0,https://www.cipla.com/sites/default/files/Cipla-AR-2024-25.pdf,2025-03-31,PDF page 410; consolidated segment disclosure unless noted,"No external customer contributes 10% or more of the Group’s revenue, according to the consolidated segment disclosure.",Assessment uses the disclosed revenue concentration only; it does not infer customer credit quality or receivable concentration.,2026-10-04,Codex research draft; independent analyst review pending,ASSESSED
Cipla,fx,,,,,,"Pending matched profit sensitivity, currency shock magnitude and positive consolidated annual profit. Export exposure alone is insufficient.",,,UNASSESSED
Cipla,business,4,https://www.cipla.com/sites/default/files/Cipla-AR-2024-25.pdf,2025-03-31,PDF page 410; consolidated segment disclosure unless noted,"Pharmaceuticals segment revenue was 26,446.33; New Ventures 1,303.36, before eliminations of 202.07. Pharmaceuticals represents over 95% of external consolidated revenue 27,547.62.",High concentration in the disclosed reportable business segment. This broad accounting classification does not establish dependence on one product or factory; verify operational diversification separately.,2026-10-04,Codex research draft; independent analyst review pending,ASSESSED
Cipla,litigation,,,,,,Pending reconciled litigation and tax-dispute contingent liabilities and consolidated net worth; ordinary guarantees must be excluded.,,,UNASSESSED
Zydus Lifesciences,regulatory,,,,,,"Pending review of current official regulatory actions, affected facilities, materiality and closure evidence. No zero score inferred from missing evidence.",,,UNASSESSED
Zydus Lifesciences,geographic,2,https://www.zyduslife.com/investor/admin/uploads/14/2/2025-2026.pdf,2026-03-31,PDF page 364; consolidated segment disclosure unless noted,"United States revenue was 117,171.00 of total 271,484.00 (43.16%); values use the report’s units.","Concentration assessed on disclosed country revenue. This is a concentration flag, not a claim of credit deterioration.",2026-10-04,Codex research draft; independent analyst review pending,ASSESSED
Zydus Lifesciences,customer,2,https://www.zyduslife.com/investor/admin/uploads/14/2/2025-2026.pdf,2026-03-31,PDF page 364; consolidated segment disclosure unless noted,"A disclosed external customer contributed 33,642 of total revenue 271,484 (12.39%).",Assessment uses the disclosed revenue concentration only; it does not infer customer credit quality or receivable concentration.,2026-10-04,Codex research draft; independent analyst review pending,ASSESSED
Zydus Lifesciences,fx,,,,,,"Pending matched profit sensitivity, currency shock magnitude and positive consolidated annual profit. Export exposure alone is insufficient.",,,UNASSESSED
Zydus Lifesciences,business,,,,,,"Pending assessment of consolidated product, therapy, business-segment or site revenue concentration.",,,UNASSESSED
Zydus Lifesciences,litigation,,,,,,Pending reconciled litigation and tax-dispute contingent liabilities and consolidated net worth; ordinary guarantees must be excluded.,,,UNASSESSED
Lupin,regulatory,,,,,,"Pending review of current official regulatory actions, affected facilities, materiality and closure evidence. No zero score inferred from missing evidence.",,,UNASSESSED
Lupin,geographic,2,https://www.lupin.com/wp-content/uploads/2025/07/integrated-report-consolidated.pdf,2025-03-31,PDF page 293; consolidated segment disclosure unless noted,"India revenue was 85,046.40 of total 227,079.00 (37.45%); values use the report’s units.","Concentration assessed on disclosed country revenue. This is a concentration flag, not a claim of credit deterioration.",2026-10-04,Codex research draft; independent analyst review pending,ASSESSED
Lupin,customer,0,https://www.lupin.com/wp-content/uploads/2025/07/integrated-report-consolidated.pdf,2025-03-31,PDF page 293; consolidated segment disclosure unless noted,"The major USA customer disclosed in the consolidated segment note contributed 19,632.1 of revenue 227,079 (8.65%).",Assessment uses the disclosed revenue concentration only; it does not infer customer credit quality or receivable concentration.,2026-10-04,Codex research draft; independent analyst review pending,ASSESSED
Lupin,fx,,,,,,"Pending matched profit sensitivity, currency shock magnitude and positive consolidated annual profit. Export exposure alone is insufficient.",,,UNASSESSED
Lupin,business,4,https://www.lupin.com/wp-content/uploads/2025/07/integrated-report-consolidated.pdf,2025-03-31,PDF page 293; consolidated segment disclosure unless noted,"Pharmaceuticals segment revenue was 226,043.1, versus other business 1,054.5; consolidated external revenue was 227,079 after eliminations.",High concentration in the disclosed reportable business segment. This broad accounting classification does not establish dependence on one product or factory; verify operational diversification separately.,2026-10-04,Codex research draft; independent analyst review pending,ASSESSED
Lupin,litigation,,,,,,Pending reconciled litigation and tax-dispute contingent liabilities and consolidated net worth; ordinary guarantees must be excluded.,,,UNASSESSED
Aurobindo Pharma,regulatory,,,,,,"Pending review of current official regulatory actions, affected facilities, materiality and closure evidence. No zero score inferred from missing evidence. Initial report retrieval failed; see data/qualitative/research_manifest.json. No score assigned.",,,UNASSESSED
Aurobindo Pharma,geographic,,,,,,A sufficiently granular geographic revenue disclosure has not been assessed. Aggregate international revenue does not establish concentration in one country. Initial report retrieval failed; see data/qualitative/research_manifest.json. No score assigned.,,,UNASSESSED
Aurobindo Pharma,customer,,,,,,Largest-customer revenue concentration has not been established from the assessed consolidated disclosures. Receivable balances or combined customer shares are insufficient. Initial report retrieval failed; see data/qualitative/research_manifest.json. No score assigned.,,,UNASSESSED
Aurobindo Pharma,fx,,,,,,"Pending matched profit sensitivity, currency shock magnitude and positive consolidated annual profit. Export exposure alone is insufficient. Initial report retrieval failed; see data/qualitative/research_manifest.json. No score assigned.",,,UNASSESSED
Aurobindo Pharma,business,,,,,,"Pending assessment of consolidated product, therapy, business-segment or site revenue concentration. Initial report retrieval failed; see data/qualitative/research_manifest.json. No score assigned.",,,UNASSESSED
Aurobindo Pharma,litigation,,,,,,Pending reconciled litigation and tax-dispute contingent liabilities and consolidated net worth; ordinary guarantees must be excluded. Initial report retrieval failed; see data/qualitative/research_manifest.json. No score assigned.,,,UNASSESSED
Glenmark Pharma,regulatory,,,,,,"Pending review of current official regulatory actions, affected facilities, materiality and closure evidence. No zero score inferred from missing evidence.",,,UNASSESSED
Glenmark Pharma,geographic,2,https://glenmarkpharma.com/gpl_pdfs/investors/reports_presentations/Integrated_Annual_Report_FY_2024-25.pdf,2025-03-31,PDF page 392; consolidated segment disclosure unless noted,"India revenue was 44,844.85 of total 133,217.40 (33.66%); values use the report’s units.","Concentration assessed on disclosed country revenue. This is a concentration flag, not a claim of credit deterioration.",2026-10-04,Codex research draft; independent analyst review pending,ASSESSED
Glenmark Pharma,customer,,,,,,Largest-customer revenue concentration has not been established from the assessed consolidated disclosures. Receivable balances or combined customer shares are insufficient.,,,UNASSESSED
Glenmark Pharma,fx,,,,,,"Pending matched profit sensitivity, currency shock magnitude and positive consolidated annual profit. Export exposure alone is insufficient.",,,UNASSESSED
Glenmark Pharma,business,4,https://glenmarkpharma.com/gpl_pdfs/investors/reports_presentations/Integrated_Annual_Report_FY_2024-25.pdf,2025-03-31,PDF page 391; consolidated segment disclosure unless noted,The consolidated segment disclosure identifies a single reportable pharmaceuticals business segment.,High concentration in the disclosed reportable business segment. This broad accounting classification does not establish dependence on one product or factory; verify operational diversification separately.,2026-10-04,Codex research draft; independent analyst review pending,ASSESSED
Glenmark Pharma,litigation,,,,,,Pending reconciled litigation and tax-dispute contingent liabilities and consolidated net worth; ordinary guarantees must be excluded.,,,UNASSESSED
Torrent Pharma,regulatory,,,,,,"Pending review of current official regulatory actions, affected facilities, materiality and closure evidence. No zero score inferred from missing evidence.",,,UNASSESSED
Torrent Pharma,geographic,4,https://www.torrentpharma.com/pdf/investors/AR-2025-26.pdf,2026-03-31,PDF page 197; consolidated segment disclosure unless noted,"India revenue was 8,161.35 of total 13,979.73 (58.38%); values use the report’s units.","Concentration assessed on disclosed country revenue. This is a concentration flag, not a claim of credit deterioration.",2026-10-04,Codex research draft; independent analyst review pending,ASSESSED
Torrent Pharma,customer,0,https://www.torrentpharma.com/pdf/investors/AR-2025-26.pdf,2026-03-31,PDF page 198; consolidated segment disclosure unless noted,"No individual external customer contributes more than 10% of total revenue, according to the consolidated segment note.",Assessment uses the disclosed revenue concentration only; it does not infer customer credit quality or receivable concentration.,2026-10-04,Codex research draft; independent analyst review pending,ASSESSED
Torrent Pharma,fx,,,,,,"Pending matched profit sensitivity, currency shock magnitude and positive consolidated annual profit. Export exposure alone is insufficient.",,,UNASSESSED
Torrent Pharma,business,4,https://www.torrentpharma.com/pdf/investors/AR-2025-26.pdf,2026-03-31,PDF page 197; consolidated segment disclosure unless noted,The consolidated segment disclosure identifies a single Generic Formulation Business segment.,High concentration in the disclosed reportable business segment. This broad accounting classification does not establish dependence on one product or factory; verify operational diversification separately.,2026-10-04,Codex research draft; independent analyst review pending,ASSESSED
Torrent Pharma,litigation,,,,,,Pending reconciled litigation and tax-dispute contingent liabilities and consolidated net worth; ordinary guarantees must be excluded.,,,UNASSESSED
Mankind Pharma,regulatory,,,,,,"Pending review of current official regulatory actions, affected facilities, materiality and closure evidence. No zero score inferred from missing evidence.",,,UNASSESSED
Mankind Pharma,geographic,4,https://www.mankindpharma.com/wp-content/uploads/2025/07/annual_report_07.pdf?v=1,2025-03-31,PDF page 246; consolidated segment disclosure unless noted,"India revenue was 10,674.96 of total 12,207.44 (87.45%); values use the report’s units.","Concentration assessed on disclosed country revenue. This is a concentration flag, not a claim of credit deterioration.",2026-10-04,Codex research draft; independent analyst review pending,ASSESSED
Mankind Pharma,customer,0,https://www.mankindpharma.com/wp-content/uploads/2025/07/annual_report_07.pdf?v=1,2025-03-31,PDF page 246; consolidated segment disclosure unless noted,The consolidated note states no external customer contributes more than 10% of revenue.,Assessment uses the disclosed revenue concentration only; it does not infer customer credit quality or receivable concentration.,2026-10-04,Codex research draft; independent analyst review pending,ASSESSED
Mankind Pharma,fx,,,,,,"Pending matched profit sensitivity, currency shock magnitude and positive consolidated annual profit. Export exposure alone is insufficient.",,,UNASSESSED
Mankind Pharma,business,4,https://www.mankindpharma.com/wp-content/uploads/2025/07/annual_report_07.pdf?v=1,2025-03-31,PDF page 246; consolidated segment disclosure unless noted,The consolidated segment disclosure identifies a single pharmaceuticals business segment.,High concentration in the disclosed reportable business segment. This broad accounting classification does not establish dependence on one product or factory; verify operational diversification separately.,2026-10-04,Codex research draft; independent analyst review pending,ASSESSED
Mankind Pharma,litigation,,,,,,Pending reconciled litigation and tax-dispute contingent liabilities and consolidated net worth; ordinary guarantees must be excluded.,,,UNASSESSED
Alkem Labs,regulatory,,,,,,"Pending review of current official regulatory actions, affected facilities, materiality and closure evidence. No zero score inferred from missing evidence.",,,UNASSESSED
Alkem Labs,geographic,4,https://admin.alkemlabs.com/uploads/Alkem_Labs_AR_2024_25_d712ae10bd.pdf,2025-03-31,PDF page 318; consolidated segment disclosure unless noted,"India revenue was 91,435.70 of total 129,645.20 (70.53%); values use the report’s units.","Concentration assessed on disclosed country revenue. This is a concentration flag, not a claim of credit deterioration.",2026-10-04,Codex research draft; independent analyst review pending,ASSESSED
Alkem Labs,customer,,,,,,Largest-customer revenue concentration has not been established from the assessed consolidated disclosures. Receivable balances or combined customer shares are insufficient.,,,UNASSESSED
Alkem Labs,fx,,,,,,"Pending matched profit sensitivity, currency shock magnitude and positive consolidated annual profit. Export exposure alone is insufficient.",,,UNASSESSED
Alkem Labs,business,4,https://admin.alkemlabs.com/uploads/Alkem_Labs_AR_2024_25_d712ae10bd.pdf,2025-03-31,PDF page 318; consolidated segment disclosure unless noted,The consolidated segment disclosure identifies a single pharmaceuticals business segment.,High concentration in the disclosed reportable business segment. This broad accounting classification does not establish dependence on one product or factory; verify operational diversification separately.,2026-10-04,Codex research draft; independent analyst review pending,ASSESSED
Alkem Labs,litigation,,,,,,Pending reconciled litigation and tax-dispute contingent liabilities and consolidated net worth; ordinary guarantees must be excluded.,,,UNASSESSED
Abbott India,regulatory,,,,,,"Pending review of current official regulatory actions, affected facilities, materiality and closure evidence. No zero score inferred from missing evidence.",,,UNASSESSED
Abbott India,geographic,,,,,,A sufficiently granular geographic revenue disclosure has not been assessed. Aggregate international revenue does not establish concentration in one country.,,,UNASSESSED
Abbott India,customer,0,https://www.abbott.co.in/content/dam/corp/abbott/en-ind/pdf/financials/2025-26-Annual-Report.pdf,2026-03-31,PDF page 225; consolidated segment disclosure unless noted,The segment disclosure states no individual customer contributes more than 10% of revenue.,Assessment uses the disclosed revenue concentration only; it does not infer customer credit quality or receivable concentration.,2026-10-04,Codex research draft; independent analyst review pending,ASSESSED
Abbott India,fx,,,,,,"Pending matched profit sensitivity, currency shock magnitude and positive consolidated annual profit. Export exposure alone is insufficient.",,,UNASSESSED
Abbott India,business,4,https://www.abbott.co.in/content/dam/corp/abbott/en-ind/pdf/financials/2025-26-Annual-Report.pdf,2026-03-31,PDF page 225; consolidated segment disclosure unless noted,The company discloses a single pharmaceuticals reportable business segment.,High concentration in the disclosed reportable business segment. This broad accounting classification does not establish dependence on one product or factory; verify operational diversification separately.,2026-10-04,Codex research draft; independent analyst review pending,ASSESSED
Abbott India,litigation,,,,,,Pending reconciled litigation and tax-dispute contingent liabilities and consolidated net worth; ordinary guarantees must be excluded.,,,UNASSESSED
Ipca Labs,regulatory,,,,,,"Pending review of current official regulatory actions, affected facilities, materiality and closure evidence. No zero score inferred from missing evidence.",,,UNASSESSED
Ipca Labs,geographic,2,https://www.ipca.com/wp-content/pdf/financials/annual-reports/annual_report_2024_25.pdf,2025-03-31,PDF page 240; consolidated segment disclosure unless noted,"India revenue was 4,042.02 of total 8,939.59 (45.21%); values use the report’s units.","Concentration assessed on disclosed country revenue. This is a concentration flag, not a claim of credit deterioration.",2026-10-04,Codex research draft; independent analyst review pending,ASSESSED
Ipca Labs,customer,0,https://www.ipca.com/wp-content/pdf/financials/annual-reports/annual_report_2024_25.pdf,2025-03-31,PDF page 240; consolidated segment disclosure unless noted,The consolidated note states no individual customer contributes 10% or more of total revenue.,Assessment uses the disclosed revenue concentration only; it does not infer customer credit quality or receivable concentration.,2026-10-04,Codex research draft; independent analyst review pending,ASSESSED
Ipca Labs,fx,,,,,,"Pending matched profit sensitivity, currency shock magnitude and positive consolidated annual profit. Export exposure alone is insufficient.",,,UNASSESSED
Ipca Labs,business,4,https://www.ipca.com/wp-content/pdf/financials/annual-reports/annual_report_2024_25.pdf,2025-03-31,PDF page 239; consolidated segment disclosure unless noted,The consolidated segment disclosure identifies a single pharmaceuticals business segment.,High concentration in the disclosed reportable business segment. This broad accounting classification does not establish dependence on one product or factory; verify operational diversification separately.,2026-10-04,Codex research draft; independent analyst review pending,ASSESSED
Ipca Labs,litigation,,,,,,Pending reconciled litigation and tax-dispute contingent liabilities and consolidated net worth; ordinary guarantees must be excluded.,,,UNASSESSED
Ajanta Pharma,regulatory,,,,,,"Pending review of current official regulatory actions, affected facilities, materiality and closure evidence. No zero score inferred from missing evidence.",,,UNASSESSED
Ajanta Pharma,geographic,2,https://www.ajantapharma.com/assets/frontend/images/investors/files/annual_results/1781758151_AjantaPharma-AR-2025-26.pdf,2026-03-31,PDF page 95; consolidated segment disclosure unless noted,"Emerging Markets revenue was 2,036.56 of total 5,407.26 (37.66%); values use the report’s units.","Concentration assessed on disclosed reported regional bucket revenue. This is a concentration flag, not a claim of credit deterioration.",2026-10-04,Codex research draft; independent analyst review pending,ASSESSED
Ajanta Pharma,customer,,,,,,Largest-customer revenue concentration has not been established from the assessed consolidated disclosures. Receivable balances or combined customer shares are insufficient.,,,UNASSESSED
Ajanta Pharma,fx,,,,,,"Pending matched profit sensitivity, currency shock magnitude and positive consolidated annual profit. Export exposure alone is insufficient.",,,UNASSESSED
Ajanta Pharma,business,4,https://www.ajantapharma.com/assets/frontend/images/investors/files/annual_results/1781758151_AjantaPharma-AR-2025-26.pdf,2026-03-31,PDF page 95; consolidated segment disclosure unless noted,The consolidated segment disclosure identifies a single pharmaceuticals business segment.,High concentration in the disclosed reportable business segment. This broad accounting classification does not establish dependence on one product or factory; verify operational diversification separately.,2026-10-04,Codex research draft; independent analyst review pending,ASSESSED
Ajanta Pharma,litigation,,,,,,Pending reconciled litigation and tax-dispute contingent liabilities and consolidated net worth; ordinary guarantees must be excluded.,,,UNASSESSED
Divi's Labs,regulatory,,,,,,"Pending review of current official regulatory actions, affected facilities, materiality and closure evidence. No zero score inferred from missing evidence. Initial report retrieval failed; see data/qualitative/research_manifest.json. No score assigned.",,,UNASSESSED
Divi's Labs,geographic,,,,,,A sufficiently granular geographic revenue disclosure has not been assessed. Aggregate international revenue does not establish concentration in one country. Initial report retrieval failed; see data/qualitative/research_manifest.json. No score assigned.,,,UNASSESSED
Divi's Labs,customer,,,,,,Largest-customer revenue concentration has not been established from the assessed consolidated disclosures. Receivable balances or combined customer shares are insufficient. Initial report retrieval failed; see data/qualitative/research_manifest.json. No score assigned.,,,UNASSESSED
Divi's Labs,fx,,,,,,"Pending matched profit sensitivity, currency shock magnitude and positive consolidated annual profit. Export exposure alone is insufficient. Initial report retrieval failed; see data/qualitative/research_manifest.json. No score assigned.",,,UNASSESSED
Divi's Labs,business,,,,,,"Pending assessment of consolidated product, therapy, business-segment or site revenue concentration. Initial report retrieval failed; see data/qualitative/research_manifest.json. No score assigned.",,,UNASSESSED
Divi's Labs,litigation,,,,,,Pending reconciled litigation and tax-dispute contingent liabilities and consolidated net worth; ordinary guarantees must be excluded. Initial report retrieval failed; see data/qualitative/research_manifest.json. No score assigned.,,,UNASSESSED
Laurus Labs,regulatory,,,,,,"Pending review of current official regulatory actions, affected facilities, materiality and closure evidence. No zero score inferred from missing evidence.",,,UNASSESSED
Laurus Labs,geographic,,,,,,A sufficiently granular geographic revenue disclosure has not been assessed. Aggregate international revenue does not establish concentration in one country.,,,UNASSESSED
Laurus Labs,customer,,,,,,Largest-customer revenue concentration has not been established from the assessed consolidated disclosures. Receivable balances or combined customer shares are insufficient.,,,UNASSESSED
Laurus Labs,fx,,,,,,"Pending matched profit sensitivity, currency shock magnitude and positive consolidated annual profit. Export exposure alone is insufficient.",,,UNASSESSED
Laurus Labs,business,4,https://www.lauruslabs.com/images/pdfs/Annual_Report_2025-26.pdf,2026-03-31,PDF page 161; consolidated segment disclosure unless noted,"The consolidated segment note describes a single business spanning APIs, intermediates and formulations.",High concentration in the disclosed reportable business segment. This broad accounting classification does not establish dependence on one product or factory; verify operational diversification separately.,2026-10-04,Codex research draft; independent analyst review pending,ASSESSED
Laurus Labs,litigation,,,,,,Pending reconciled litigation and tax-dispute contingent liabilities and consolidated net worth; ordinary guarantees must be excluded.,,,UNASSESSED
Piramal Pharma,regulatory,,,,,,"Pending review of current official regulatory actions, affected facilities, materiality and closure evidence. No zero score inferred from missing evidence. Initial report retrieval failed; see data/qualitative/research_manifest.json. No score assigned.",,,UNASSESSED
Piramal Pharma,geographic,,,,,,A sufficiently granular geographic revenue disclosure has not been assessed. Aggregate international revenue does not establish concentration in one country. Initial report retrieval failed; see data/qualitative/research_manifest.json. No score assigned.,,,UNASSESSED
Piramal Pharma,customer,,,,,,Largest-customer revenue concentration has not been established from the assessed consolidated disclosures. Receivable balances or combined customer shares are insufficient. Initial report retrieval failed; see data/qualitative/research_manifest.json. No score assigned.,,,UNASSESSED
Piramal Pharma,fx,,,,,,"Pending matched profit sensitivity, currency shock magnitude and positive consolidated annual profit. Export exposure alone is insufficient. Initial report retrieval failed; see data/qualitative/research_manifest.json. No score assigned.",,,UNASSESSED
Piramal Pharma,business,,,,,,"Pending assessment of consolidated product, therapy, business-segment or site revenue concentration. Initial report retrieval failed; see data/qualitative/research_manifest.json. No score assigned.",,,UNASSESSED
Piramal Pharma,litigation,,,,,,Pending reconciled litigation and tax-dispute contingent liabilities and consolidated net worth; ordinary guarantees must be excluded. Initial report retrieval failed; see data/qualitative/research_manifest.json. No score assigned.,,,UNASSESSED
Biocon,regulatory,,,,,,"Pending review of current official regulatory actions, affected facilities, materiality and closure evidence. No zero score inferred from missing evidence.",,,UNASSESSED
Biocon,geographic,2,https://www.biocon.com/docs/Biocon_Integrated_Annual_Report_2025.pdf,2025-03-31,PDF page 413; consolidated segment disclosure unless noted,"United States revenue was 70,423.00 of total 152,617.00 (46.14%); values use the report’s units.","Concentration assessed on disclosed country revenue. This is a concentration flag, not a claim of credit deterioration.",2026-10-04,Codex research draft; independent analyst review pending,ASSESSED
Biocon,customer,0,https://www.biocon.com/docs/Biocon_Integrated_Annual_Report_2025.pdf,2025-03-31,PDF page 413; consolidated segment disclosure unless noted,The consolidated segment note states no individual customer contributes more than 10% of Group revenue.,Assessment uses the disclosed revenue concentration only; it does not infer customer credit quality or receivable concentration.,2026-10-04,Codex research draft; independent analyst review pending,ASSESSED
Biocon,fx,,,,,,"Pending matched profit sensitivity, currency shock magnitude and positive consolidated annual profit. Export exposure alone is insufficient.",,,UNASSESSED
Biocon,business,4,https://www.biocon.com/docs/Biocon_Integrated_Annual_Report_2025.pdf,2025-03-31,PDF page 412; consolidated segment disclosure unless noted,"Biosimilars external revenue was 89,292 of consolidated external revenue 152,617 (58.51%); other disclosed businesses were Generics and Research.",High concentration in the disclosed reportable business segment. This broad accounting classification does not establish dependence on one product or factory; verify operational diversification separately.,2026-10-04,Codex research draft; independent analyst review pending,ASSESSED
Biocon,litigation,,,,,,Pending reconciled litigation and tax-dispute contingent liabilities and consolidated net worth; ordinary guarantees must be excluded.,,,UNASSESSED
Gland Pharma,regulatory,,,,,,"Pending review of current official regulatory actions, affected facilities, materiality and closure evidence. No zero score inferred from missing evidence.",,,UNASSESSED
Gland Pharma,geographic,2,https://glandpharma.com/images/Gland%20Pharma_AR%2024-25_0408.pdf,2025-03-31,PDF page 324; consolidated segment disclosure unless noted,"United States revenue was 27,403.28 of total 56,165.04 (48.79%); values use the report’s units.","Concentration assessed on disclosed country revenue. This is a concentration flag, not a claim of credit deterioration.",2026-10-04,Codex research draft; independent analyst review pending,ASSESSED
Gland Pharma,customer,2,https://glandpharma.com/images/Gland%20Pharma_AR%2024-25_0408.pdf,2025-03-31,PDF page 324; consolidated segment disclosure unless noted,"Two customers each contribute more than 10% and together contribute 13,886.40 of total revenue 56,165.04 (24.72%). Each individual share is therefore between 10% and 14.72%, within the moderate band.",Assessment uses the disclosed revenue concentration only; it does not infer customer credit quality or receivable concentration.,2026-10-04,Codex research draft; independent analyst review pending,ASSESSED
Gland Pharma,fx,,,,,,"Pending matched profit sensitivity, currency shock magnitude and positive consolidated annual profit. Export exposure alone is insufficient.",,,UNASSESSED
Gland Pharma,business,4,https://glandpharma.com/images/Gland%20Pharma_AR%2024-25_0408.pdf,2025-03-31,PDF page 324; consolidated segment disclosure unless noted,The consolidated segment note identifies a single pharmaceuticals business segment.,High concentration in the disclosed reportable business segment. This broad accounting classification does not establish dependence on one product or factory; verify operational diversification separately.,2026-10-04,Codex research draft; independent analyst review pending,ASSESSED
Gland Pharma,litigation,,,,,,Pending reconciled litigation and tax-dispute contingent liabilities and consolidated net worth; ordinary guarantees must be excluded.,,,UNASSESSED
Jubilant Pharmova,regulatory,,,,,,"Pending review of current official regulatory actions, affected facilities, materiality and closure evidence. No zero score inferred from missing evidence.",,,UNASSESSED
Jubilant Pharmova,geographic,,,,,,A sufficiently granular geographic revenue disclosure has not been assessed. Aggregate international revenue does not establish concentration in one country.,,,UNASSESSED
Jubilant Pharmova,customer,,,,,,Largest-customer revenue concentration has not been established from the assessed consolidated disclosures. Receivable balances or combined customer shares are insufficient.,,,UNASSESSED
Jubilant Pharmova,fx,,,,,,"Pending matched profit sensitivity, currency shock magnitude and positive consolidated annual profit. Export exposure alone is insufficient.",,,UNASSESSED
Jubilant Pharmova,business,,,,,,"Pending assessment of consolidated product, therapy, business-segment or site revenue concentration.",,,UNASSESSED
Jubilant Pharmova,litigation,,,,,,Pending reconciled litigation and tax-dispute contingent liabilities and consolidated net worth; ordinary guarantees must be excluded.,,,UNASSESSED
