company_id,monitoring_as_of,financial_year,financial_period_end,financial_score,financial_rating,financial_data_status,financial_age_days,market_score,market_status,market_date,market_data_status,monitoring_priority,priority_rank,confirmed_deterioration,financial_market_gap_days,fundamental_deterioration,confirmation_status,reasons,recommended_action,entity_event,entity_event_source,current_alert_count,relative_return_90
JB Chemicals,2026-10-04,FY25,2025-03-31,0,VERY LOW,STALE,552,,UNAVAILABLE,2026-07-16,STALE,CREDIT REVIEW,3,False,472,,NOT CONFIRMED,Financial inputs end 2025-03-31 and are 552 days old; refresh before drawing current credit conclusions. | Market layer is STALE; do not treat missing or stale signals as normal. | Entity transition: AMALGAMATED into Torrent Pharma effective 2026-07-08. Verify counterparty identity and exposure continuity.,"Perform a priority counterparty review, verify the legal entity and current exposure, and reassess approved terms.",AMALGAMATED,https://www.torrentpharma.com/docs/02_Intimation_Of_Effective_Date_Of_Scheme_Of_Amalgamation_b3199d2259.pdf,0,
Mankind Pharma,2026-10-04,FY25,2025-03-31,20,LOW,STALE,552,0,NORMAL,2026-10-01,CURRENT,ENHANCED MONITORING,2,False,549,Debt/EBITDA increased from 0.071 to 2.324; FCF/debt declined from 8.389 to 0.251; Interest coverage declined from 58.46x to 15.61x; Financial risk score increased from 8 to 20,NOT CONFIRMED,A HIGH fundamental early-warning rule is triggered. | Financial inputs end 2025-03-31 and are 552 days old; refresh before drawing current credit conclusions.,"Review the risk drivers, current exposure and credit terms; increase monitoring frequency.",,,3,-0.03480113086548009
Biocon,2026-10-04,FY25,2025-03-31,25,LOW,STALE,552,45,WATCH,2026-10-01,CURRENT,WATCH,1,False,549,,NOT CONFIRMED,Independent market stress indicates WATCH. | Financial inputs end 2025-03-31 and are 552 days old; refresh before drawing current credit conclusions.,Refresh missing market data and financials and investigate flagged developments.,,,2,-0.20331356445351223
Jubilant Pharmova,2026-10-04,FY25,2025-03-31,22,LOW,STALE,552,10,NORMAL,2026-10-01,CURRENT,WATCH,1,False,549,,NOT CONFIRMED,Fundamental early-warning rules are triggered. | Financial inputs end 2025-03-31 and are 552 days old; refresh before drawing current credit conclusions.,Refresh missing market data and financials and investigate flagged developments.,,,2,-0.06909382808877984
Piramal Pharma,2026-10-04,FY25,2025-03-31,22,LOW,STALE,552,10,NORMAL,2026-10-01,CURRENT,WATCH,1,False,549,,NOT CONFIRMED,Fundamental early-warning rules are triggered. | Financial inputs end 2025-03-31 and are 552 days old; refresh before drawing current credit conclusions.,Refresh missing market data and financials and investigate flagged developments.,,,2,0.03680548234765002
Laurus Labs,2026-10-04,FY25,2025-03-31,19,LOW,STALE,552,0,NORMAL,2026-10-01,CURRENT,WATCH,1,False,549,,NOT CONFIRMED,Financial inputs end 2025-03-31 and are 552 days old; refresh before drawing current credit conclusions.,Refresh missing market data and financials and investigate flagged developments.,,,0,0.3964659171632816
Cipla,2026-10-04,FY25,2025-03-31,7,VERY LOW,STALE,552,25,WATCH,2026-10-01,CURRENT,WATCH,1,False,549,,NOT CONFIRMED,Fundamental early-warning rules are triggered. | Independent market stress indicates WATCH. | Financial inputs end 2025-03-31 and are 552 days old; refresh before drawing current credit conclusions.,Refresh missing market data and financials and investigate flagged developments.,,,2,-0.10685727544985957
Ipca Labs,2026-10-04,FY25,2025-03-31,6,VERY LOW,STALE,552,0,NORMAL,2026-10-01,CURRENT,WATCH,1,False,549,,NOT CONFIRMED,Financial inputs end 2025-03-31 and are 552 days old; refresh before drawing current credit conclusions.,Refresh missing market data and financials and investigate flagged developments.,,,0,0.1748762001391
Sun Pharma,2026-10-04,FY25,2025-03-31,6,VERY LOW,STALE,552,20,NORMAL,2026-10-01,CURRENT,WATCH,1,False,549,,NOT CONFIRMED,Fundamental early-warning rules are triggered. | Financial inputs end 2025-03-31 and are 552 days old; refresh before drawing current credit conclusions.,Refresh missing market data and financials and investigate flagged developments.,,,3,-0.08528751743421215
Alkem Labs,2026-10-04,FY25,2025-03-31,4,VERY LOW,STALE,552,20,NORMAL,2026-10-01,CURRENT,WATCH,1,False,549,,NOT CONFIRMED,Fundamental early-warning rules are triggered. | Financial inputs end 2025-03-31 and are 552 days old; refresh before drawing current credit conclusions.,Refresh missing market data and financials and investigate flagged developments.,,,3,-0.09803020338703261
Abbott India,2026-10-04,FY25,2025-03-31,2,VERY LOW,STALE,552,10,NORMAL,2026-10-01,CURRENT,WATCH,1,False,549,,NOT CONFIRMED,Financial inputs end 2025-03-31 and are 552 days old; refresh before drawing current credit conclusions.,Refresh missing market data and financials and investigate flagged developments.,,,1,-0.07488946025541166
Ajanta Pharma,2026-10-04,FY25,2025-03-31,2,VERY LOW,STALE,552,0,NORMAL,2026-10-01,CURRENT,WATCH,1,False,549,,NOT CONFIRMED,Fundamental early-warning rules are triggered. | Financial inputs end 2025-03-31 and are 552 days old; refresh before drawing current credit conclusions.,Refresh missing market data and financials and investigate flagged developments.,,,1,0.10640492619653386
Aurobindo Pharma,2026-10-04,FY25,2025-03-31,2,VERY LOW,STALE,552,0,NORMAL,2026-10-01,CURRENT,WATCH,1,False,549,Interest coverage declined from 14.90x to 11.16x,NOT CONFIRMED,Financial inputs end 2025-03-31 and are 552 days old; refresh before drawing current credit conclusions.,Refresh missing market data and financials and investigate flagged developments.,,,0,0.08641957973464853
Gland Pharma,2026-10-04,FY25,2025-03-31,2,VERY LOW,STALE,552,0,NORMAL,2026-10-01,CURRENT,WATCH,1,False,549,,NOT CONFIRMED,Fundamental early-warning rules are triggered. | Financial inputs end 2025-03-31 and are 552 days old; refresh before drawing current credit conclusions.,Refresh missing market data and financials and investigate flagged developments.,,,1,0.17460690442529736
Torrent Pharma,2026-10-04,FY25,2025-03-31,2,VERY LOW,STALE,552,0,NORMAL,2026-10-01,CURRENT,WATCH,1,False,549,,NOT CONFIRMED,Fundamental early-warning rules are triggered. | Financial inputs end 2025-03-31 and are 552 days old; refresh before drawing current credit conclusions.,Refresh missing market data and financials and investigate flagged developments.,,,1,-0.021685736239274833
Divi's Labs,2026-10-04,FY25,2025-03-31,0,VERY LOW,STALE,552,0,NORMAL,2026-10-01,CURRENT,WATCH,1,False,549,,NOT CONFIRMED,Financial inputs end 2025-03-31 and are 552 days old; refresh before drawing current credit conclusions.,Refresh missing market data and financials and investigate flagged developments.,,,0,0.308211764176594
Dr. Reddy's,2026-10-04,FY25,2025-03-31,0,VERY LOW,STALE,552,30,WATCH,2026-10-01,CURRENT,WATCH,1,False,549,FCF/debt declined from 2.725 to 0.794; Interest coverage declined from 38.13x to 24.46x,NOT CONFIRMED,Fundamental early-warning rules are triggered. | Independent market stress indicates WATCH. | Financial inputs end 2025-03-31 and are 552 days old; refresh before drawing current credit conclusions.,Refresh missing market data and financials and investigate flagged developments.,,,3,-0.15462829811185863
Glenmark Pharma,2026-10-04,FY25,2025-03-31,0,VERY LOW,STALE,552,15,NORMAL,2026-10-01,CURRENT,WATCH,1,False,549,,NOT CONFIRMED,Financial inputs end 2025-03-31 and are 552 days old; refresh before drawing current credit conclusions.,Refresh missing market data and financials and investigate flagged developments.,,,2,-0.06791219583419883
Lupin,2026-10-04,FY25,2025-03-31,0,VERY LOW,STALE,552,25,WATCH,2026-10-01,CURRENT,WATCH,1,False,549,,NOT CONFIRMED,Independent market stress indicates WATCH. | Financial inputs end 2025-03-31 and are 552 days old; refresh before drawing current credit conclusions.,Refresh missing market data and financials and investigate flagged developments.,,,1,-0.17182527546428117
Zydus Lifesciences,2026-10-04,FY25,2025-03-31,0,VERY LOW,STALE,552,5,NORMAL,2026-10-01,CURRENT,WATCH,1,False,549,,NOT CONFIRMED,Financial inputs end 2025-03-31 and are 552 days old; refresh before drawing current credit conclusions.,Refresh missing market data and financials and investigate flagged developments.,,,1,0.0024260968413760686
