company_id,ticker,market_date,observations,excluded_nontrading_placeholders,market_age_days,return_30,return_90,benchmark_return_90,relative_return_90,volatility_30_daily,volatility_30_annualized,volatility_baseline_daily,volatility_ratio,drawdown_30,maximum_drawdown_90,volume_ratio,relative_points,drawdown_points,volatility_points,volume_points,market_stress_score,market_status,market_data_status,market_source,missing_reason
Sun Pharma,SUNPHARMA.NS,2026-10-01,371,5,3,-0.052105263157894766,-0.018950272631804377,0.06633724480240777,-0.08528751743421215,0.012578669271652899,0.19968018430154122,0.013291949611022771,0.9463374177420623,-0.09260381111772198,-0.09999499176813831,1.4752335457158925,10,10,0,0,20,NORMAL,CURRENT,https://finance.yahoo.com/quote/SUNPHARMA.NS/,
Dr. Reddy's,DRREDDY.NS,2026-10-01,371,5,3,0.030940129206730838,-0.08829105330945086,0.06633724480240777,-0.15462829811185863,0.01298488965601631,0.20612873298860518,0.01700436635385843,0.7636209068778346,-0.03650457093295201,-0.1692944976906281,1.5555251171313225,25,0,0,5,30,WATCH,CURRENT,https://finance.yahoo.com/quote/DRREDDY.NS/,
Cipla,CIPLA.NS,2026-10-01,371,5,3,-0.05485232067510548,-0.0405200306474518,0.06633724480240777,-0.10685727544985957,0.009848646034992437,0.15634240895575394,0.014830339489075159,0.6640876995599116,-0.06536856745479835,-0.09004739336492895,1.0288080862735853,25,0,0,0,25,WATCH,CURRENT,https://finance.yahoo.com/quote/CIPLA.NS/,
Zydus Lifesciences,ZYDUSLIFE.NS,2026-10-01,371,5,3,0.0373019023738117,0.06876334164378384,0.06633724480240777,0.0024260968413760686,0.017190004039062446,0.27288285434133047,0.016407773039459332,1.0476744161271558,-0.05703707722479423,-0.08796680497925313,1.7353580589404,0,0,0,5,5,NORMAL,CURRENT,https://finance.yahoo.com/quote/ZYDUSLIFE.NS/,
Lupin,LUPIN.NS,2026-10-01,371,5,3,-0.08710114554073034,-0.1054880306618734,0.06633724480240777,-0.17182527546428117,0.010010321147645246,0.15890892180336005,0.013595409686210301,0.7363015443218767,-0.07748210276725598,-0.19269925570506863,1.1422247999658117,25,0,0,0,25,WATCH,CURRENT,https://finance.yahoo.com/quote/LUPIN.NS/,
Aurobindo Pharma,AUROPHARMA.NS,2026-10-01,371,4,3,0.03219455144852268,0.1527568245370563,0.06633724480240777,0.08641957973464853,0.014859771253729018,0.2358915556600408,0.016317779680738134,0.9106490922456698,-0.03298728441284604,-0.05991976278058475,1.3085424402728982,0,0,0,0,0,NORMAL,CURRENT,https://finance.yahoo.com/quote/AUROPHARMA.NS/,
Glenmark Pharma,GLENMARK.NS,2026-10-01,371,5,3,0.038646542617218005,-0.0015749510317910609,0.06633724480240777,-0.06791219583419883,0.01908625275607586,0.3029848695161872,0.01888420778156974,1.0106991501493279,-0.0722388059701492,-0.10411329625242349,1.6800946429025942,10,0,0,5,15,NORMAL,CURRENT,https://finance.yahoo.com/quote/GLENMARK.NS/,
Torrent Pharma,TORNTPHARM.NS,2026-10-01,371,5,3,-0.049012606286156,0.044651508563132936,0.06633724480240777,-0.021685736239274833,0.01377532615576264,0.21867652342170812,0.015110343581295435,0.9116487710322241,-0.05896174404115673,-0.06939564565351708,1.0769566740668133,0,0,0,0,0,NORMAL,CURRENT,https://finance.yahoo.com/quote/TORNTPHARM.NS/,
Mankind Pharma,MANKIND.NS,2026-10-01,371,4,3,0.05889724310776945,0.03153611393692768,0.06633724480240777,-0.03480113086548009,0.018976640481288318,0.3012448285978197,0.018138793837956982,1.0461908686330659,-0.003929273084479323,-0.14496352578654426,0.9151169610174139,0,0,0,0,0,NORMAL,CURRENT,https://finance.yahoo.com/quote/MANKIND.NS/,
Alkem Labs,ALKEM.NS,2026-10-01,371,4,3,-0.030190431955411046,-0.03169295858462484,0.06633724480240777,-0.09803020338703261,0.01292269052950087,0.2051413524654534,0.0146352946203589,0.8829812357534876,-0.04509283819628651,-0.1237677247773531,2.065815916184727,10,0,0,10,20,NORMAL,CURRENT,https://finance.yahoo.com/quote/ALKEM.NS/,
Abbott India,ABBOTINDIA.NS,2026-10-01,371,4,3,0.016474152622609317,-0.008552215453003886,0.06633724480240777,-0.07488946025541166,0.01371884030361367,0.2177798383174297,0.01389158962229557,0.9875644671791454,-0.0157682434910158,-0.10673806472870673,0.8192959541381651,10,0,0,0,10,NORMAL,CURRENT,https://finance.yahoo.com/quote/ABBOTINDIA.NS/,
JB Chemicals,JBCHEPHARM.NS,2026-07-16,1,0,80,,,,,,,,,,,,,,,,,UNAVAILABLE,STALE,https://finance.yahoo.com/quote/JBCHEPHARM.NS/,relative_points; drawdown_points; volatility_points; volume_points; minimum 151 sessions
Ipca Labs,IPCALAB.NS,2026-10-01,371,4,3,0.020749068137384086,0.24121344494150776,0.06633724480240777,0.1748762001391,0.010735711718529144,0.17042414012705984,0.018572756549395088,0.5780354515484566,-0.0330414138240136,-0.1099374723145955,1.2090901490915227,0,0,0,0,0,NORMAL,CURRENT,https://finance.yahoo.com/quote/IPCALAB.NS/,
Ajanta Pharma,AJANTPHARM.NS,2026-10-01,371,4,3,-0.03161251127150799,0.17274217099894162,0.06633724480240777,0.10640492619653386,0.011407267168281283,0.1810847523968656,0.018327507327030118,0.6224123643621413,-0.021210325147578035,-0.06815123061466488,0.8952495371646907,0,0,0,0,0,NORMAL,CURRENT,https://finance.yahoo.com/quote/AJANTPHARM.NS/,
Divi's Labs,DIVISLAB.NS,2026-10-01,371,4,3,0.08049065420560741,0.3745490089790018,0.06633724480240777,0.308211764176594,0.016252872637283908,0.25800635453195825,0.014678439937604666,1.1072615827275831,-0.038965087281795485,-0.04355091383812015,1.172321629128445,0,0,0,0,0,NORMAL,CURRENT,https://finance.yahoo.com/quote/DIVISLAB.NS/,
Laurus Labs,LAURUSLABS.NS,2026-10-01,371,5,3,0.10112107128112036,0.4628031619656894,0.06633724480240777,0.3964659171632816,0.01643364826122164,0.2608760785962089,0.019901924495066513,0.8257316153166683,-0.024582104228121904,-0.053912080016293995,0.4890006535923627,0,0,0,0,0,NORMAL,CURRENT,https://finance.yahoo.com/quote/LAURUSLABS.NS/,
Piramal Pharma,PPLPHARMA.NS,2026-10-01,371,5,3,-0.05566684889773732,0.10314272715005779,0.06633724480240777,0.03680548234765002,0.020826863101419582,0.3306162021356616,0.024961204370289727,0.8343693193830392,-0.12642306289729277,-0.12642306289729277,0.8997245568296507,0,10,0,0,10,NORMAL,CURRENT,https://finance.yahoo.com/quote/PPLPHARMA.NS/,
Biocon,BIOCON.NS,2026-10-01,371,5,3,-0.10187762033426706,-0.13697631965110446,0.06633724480240777,-0.20331356445351223,0.01357894682942746,0.21555909826100442,0.01724857357177282,0.7872504223566243,-0.11400569403749683,-0.15974590983444337,0.8651816190652956,35,10,0,0,45,WATCH,CURRENT,https://finance.yahoo.com/quote/BIOCON.NS/,
Gland Pharma,GLAND.NS,2026-10-01,371,4,3,0.01164954525984574,0.24094414922770513,0.06633724480240777,0.17460690442529736,0.015463459007165304,0.24547480165080693,0.02611087138946164,0.5922230160961369,-0.05016193618314657,-0.06756862476888259,0.6202364020371627,0,0,0,0,0,NORMAL,CURRENT,https://finance.yahoo.com/quote/GLAND.NS/,
Jubilant Pharmova,JUBLPHARMA.NS,2026-10-01,371,4,3,0.15126726704259075,-0.002756583286372072,0.06633724480240777,-0.06909382808877984,0.019324869106092903,0.3067727866415814,0.017391425915819828,1.111172206329232,-0.06777365239812172,-0.15375123057228968,0.9307081166530048,10,0,0,0,10,NORMAL,CURRENT,https://finance.yahoo.com/quote/JUBLPHARMA.NS/,
