company_id,date,layer,code,severity,metric,value,threshold,what_happened,why_it_matters,recommended_action,source,source_location,review_status
Ajanta Pharma,2025-03-31,FINANCIAL,RECEIVABLES_DETERIORATION,MEDIUM,receivables_growth,0.12745098039215685,0.12140650985982426,"Receivables grew faster than revenue; observed 0.12745098039215685, threshold 0.12140650985982426.",Collections may be lagging reported sales growth.,Check receivable ageing and customer payment behaviour.,,,
Alkem Labs,2025-03-31,FINANCIAL,RECEIVABLES_DETERIORATION,MEDIUM,receivables_growth,0.11538461538461542,0.09093779602147145,"Receivables grew faster than revenue; observed 0.11538461538461542, threshold 0.09093779602147145.",Collections may be lagging reported sales growth.,Check receivable ageing and customer payment behaviour.,,,
Cipla,2025-03-31,FINANCIAL,RECEIVABLES_DETERIORATION,MEDIUM,receivables_growth,0.1759921123983239,0.09102196011484431,"Receivables grew faster than revenue; observed 0.1759921123983239, threshold 0.09102196011484431.",Collections may be lagging reported sales growth.,Check receivable ageing and customer payment behaviour.,,,
Dr. Reddy's,2025-03-31,FINANCIAL,DEBT_ACCELERATION,MEDIUM,debt_growth,1.5659340659340661,0.2,"Debt growth exceeds the threshold; observed 1.5659340659340661, threshold 0.2.",Borrowing increased faster than the monitoring threshold.,Check acquisition funding and debt drawdowns.,,,
Gland Pharma,2025-03-31,FINANCIAL,RECEIVABLES_DETERIORATION,MEDIUM,receivables_growth,0.12658227848101267,0.10326566637246248,"Receivables grew faster than revenue; observed 0.12658227848101267, threshold 0.10326566637246248.",Collections may be lagging reported sales growth.,Check receivable ageing and customer payment behaviour.,,,
Jubilant Pharmova,2025-03-31,FINANCIAL,RECEIVABLES_DETERIORATION,MEDIUM,receivables_growth,0.11570247933884303,0.1049888309754281,"Receivables grew faster than revenue; observed 0.11570247933884303, threshold 0.1049888309754281.",Collections may be lagging reported sales growth.,Check receivable ageing and customer payment behaviour.,,,
Mankind Pharma,2025-03-31,FINANCIAL,DEBT_ACCELERATION,MEDIUM,debt_growth,39.27777777777778,0.2,"Debt growth exceeds the threshold; observed 39.27777777777778, threshold 0.2.",Borrowing increased faster than the monitoring threshold.,Check acquisition funding and debt drawdowns.,,,
Mankind Pharma,2025-03-31,FINANCIAL,RECEIVABLES_DETERIORATION,MEDIUM,receivables_growth,0.3088235294117647,0.17851959361393321,"Receivables grew faster than revenue; observed 0.3088235294117647, threshold 0.17851959361393321.",Collections may be lagging reported sales growth.,Check receivable ageing and customer payment behaviour.,,,
Mankind Pharma,2025-03-31,FINANCIAL,RISK_MIGRATION,HIGH,score_change,12,10,"Financial risk score increased materially year over year; observed 12, threshold 10.",More financial scoring thresholds were breached.,Review the drivers of score migration and current credit terms.,,,
Piramal Pharma,2025-03-31,FINANCIAL,RECEIVABLES_DETERIORATION,MEDIUM,receivables_growth,0.12169312169312163,0.11981397625749612,"Receivables grew faster than revenue; observed 0.12169312169312163, threshold 0.11981397625749612.",Collections may be lagging reported sales growth.,Check receivable ageing and customer payment behaviour.,,,
Sun Pharma,2025-03-31,FINANCIAL,RECEIVABLES_DETERIORATION,MEDIUM,receivables_growth,0.0815850815850816,0.07307668515578292,"Receivables grew faster than revenue; observed 0.0815850815850816, threshold 0.07307668515578292.",Collections may be lagging reported sales growth.,Check receivable ageing and customer payment behaviour.,,,
Torrent Pharma,2025-03-31,FINANCIAL,RECEIVABLES_DETERIORATION,MEDIUM,receivables_growth,0.11403508771929816,0.10458612975391501,"Receivables grew faster than revenue; observed 0.11403508771929816, threshold 0.10458612975391501.",Collections may be lagging reported sales growth.,Check receivable ageing and customer payment behaviour.,,,
Sun Pharma,2026-10-01,MARKET,RELATIVE_UNDERPERFORMANCE,MEDIUM,relative_return_90,-0.08528751743421215,,Company underperformed NIFTY Pharma over 90 trading sessions,Sector-relative weakness may precede reported financial deterioration,Check recent filings and business developments.,,,
Sun Pharma,2026-10-01,MARKET,MARKET_DRAWDOWN,MEDIUM,drawdown_30,-0.09260381111772198,,Adjusted price is below its 30-session peak,A sustained drawdown warrants closer monitoring,Investigate recent catalysts and reassess monitoring frequency.,,,
Dr. Reddy's,2026-10-01,MARKET,RELATIVE_UNDERPERFORMANCE,MEDIUM,relative_return_90,-0.15462829811185863,,Company underperformed NIFTY Pharma over 90 trading sessions,Sector-relative weakness may precede reported financial deterioration,Check recent filings and business developments.,,,
Dr. Reddy's,2026-10-01,MARKET,VOLUME_SPIKE,MEDIUM,volume_ratio,1.5555251171313225,,Trading volume increased versus the prior 30-session average,Unusual trading activity needs context and is not itself credit deterioration,Check announcements and corporate actions before escalating.,,,
Cipla,2026-10-01,MARKET,RELATIVE_UNDERPERFORMANCE,MEDIUM,relative_return_90,-0.10685727544985957,,Company underperformed NIFTY Pharma over 90 trading sessions,Sector-relative weakness may precede reported financial deterioration,Check recent filings and business developments.,,,
Zydus Lifesciences,2026-10-01,MARKET,VOLUME_SPIKE,MEDIUM,volume_ratio,1.7353580589404,,Trading volume increased versus the prior 30-session average,Unusual trading activity needs context and is not itself credit deterioration,Check announcements and corporate actions before escalating.,,,
Lupin,2026-10-01,MARKET,RELATIVE_UNDERPERFORMANCE,MEDIUM,relative_return_90,-0.17182527546428117,,Company underperformed NIFTY Pharma over 90 trading sessions,Sector-relative weakness may precede reported financial deterioration,Check recent filings and business developments.,,,
Glenmark Pharma,2026-10-01,MARKET,RELATIVE_UNDERPERFORMANCE,MEDIUM,relative_return_90,-0.06791219583419883,,Company underperformed NIFTY Pharma over 90 trading sessions,Sector-relative weakness may precede reported financial deterioration,Check recent filings and business developments.,,,
Glenmark Pharma,2026-10-01,MARKET,VOLUME_SPIKE,MEDIUM,volume_ratio,1.6800946429025942,,Trading volume increased versus the prior 30-session average,Unusual trading activity needs context and is not itself credit deterioration,Check announcements and corporate actions before escalating.,,,
Alkem Labs,2026-10-01,MARKET,RELATIVE_UNDERPERFORMANCE,MEDIUM,relative_return_90,-0.09803020338703261,,Company underperformed NIFTY Pharma over 90 trading sessions,Sector-relative weakness may precede reported financial deterioration,Check recent filings and business developments.,,,
Alkem Labs,2026-10-01,MARKET,VOLUME_SPIKE,MEDIUM,volume_ratio,2.065815916184727,,Trading volume increased versus the prior 30-session average,Unusual trading activity needs context and is not itself credit deterioration,Check announcements and corporate actions before escalating.,,,
Abbott India,2026-10-01,MARKET,RELATIVE_UNDERPERFORMANCE,MEDIUM,relative_return_90,-0.07488946025541166,,Company underperformed NIFTY Pharma over 90 trading sessions,Sector-relative weakness may precede reported financial deterioration,Check recent filings and business developments.,,,
Piramal Pharma,2026-10-01,MARKET,MARKET_DRAWDOWN,MEDIUM,drawdown_30,-0.12642306289729277,,Adjusted price is below its 30-session peak,A sustained drawdown warrants closer monitoring,Investigate recent catalysts and reassess monitoring frequency.,,,
Biocon,2026-10-01,MARKET,RELATIVE_UNDERPERFORMANCE,MEDIUM,relative_return_90,-0.20331356445351223,,Company underperformed NIFTY Pharma over 90 trading sessions,Sector-relative weakness may precede reported financial deterioration,Check recent filings and business developments.,,,
Biocon,2026-10-01,MARKET,MARKET_DRAWDOWN,MEDIUM,drawdown_30,-0.11400569403749683,,Adjusted price is below its 30-session peak,A sustained drawdown warrants closer monitoring,Investigate recent catalysts and reassess monitoring frequency.,,,
Jubilant Pharmova,2026-10-01,MARKET,RELATIVE_UNDERPERFORMANCE,MEDIUM,relative_return_90,-0.06909382808877984,,Company underperformed NIFTY Pharma over 90 trading sessions,Sector-relative weakness may precede reported financial deterioration,Check recent filings and business developments.,,,
