company_id,fiscal_year,revenue,ebitda,ebit,interest_expense,cash,total_debt,current_assets,current_liabilities,receivables,inventory,operating_cash_flow,capex,debt_ebitda,net_debt_ebitda,interest_coverage,current_ratio,free_cash_flow,fcf_debt,fcf_debt_status,coverage_status,revenue_growth,debt_growth,receivables_growth,inventory_growth,debt_from_zero,leverage_points,servicing_points,cash_flow_points,liquidity_points,earnings_points,working_capital_gap,working_capital_points,core_risk_score,score_available_points,financial_risk_score,risk_rating,previous_rating,score_change,core_score_change,score_direction,peer_group,assignment_status,peer_count,debt_ebitda_peer_median,debt_ebitda_peer_valid_count,debt_ebitda_risk_percentile,net_debt_ebitda_peer_median,net_debt_ebitda_peer_valid_count,net_debt_ebitda_risk_percentile,interest_coverage_peer_median,interest_coverage_peer_valid_count,interest_coverage_risk_percentile,current_ratio_peer_median,current_ratio_peer_valid_count,current_ratio_risk_percentile,fcf_debt_peer_median,fcf_debt_peer_valid_count,fcf_debt_risk_percentile,financial_risk_score_peer_median,financial_risk_score_peer_valid_count,financial_risk_score_risk_percentile,peer_risk_position,alert_count,high_alert_count,monitoring
Biocon,FY25,16850.0,4450.0,2820.0,890.0,3450.0,11500.0,11850.0,6850.0,4320.0,3920.0,3520.0,2100.0,2.5842696629213484,1.8089887640449438,3.168539325842697,1.72992700729927,1420.0,0.12347826086956522,DEFINED,DEFINED,0.14237288135593218,-0.16666666666666663,0.11053984575835485,0.07397260273972606,False,12,8,5,0,0,0,0,25,100,25,LOW,HIGH,-27,-27,IMPROVING,Complex / Specialty / Healthcare Platforms,USER_DEFINED_BUSINESS_MODEL,2,1.2187005537974684,2,100.0,0.12697784810126578,2,100.0,39.00483091787439,2,100.0,2.820809565598947,2,100.0,0.8518867924528302,2,100.0,12.0,2,100.0,ABOVE PEER MEDIAN,0,0,Routine monitoring: refresh at the next financial reporting cycle.
Jubilant Pharmova,FY25,7420.0,1280.0,820.0,230.0,810.0,2650.0,4380.0,2120.0,1350.0,1580.0,1120.0,580.0,2.0703125,1.4375,3.5652173913043477,2.0660377358490565,540.0,0.2037735849056604,DEFINED,DEFINED,0.1049888309754281,-0.1311475409836066,0.11570247933884303,0.06756756756756754,False,12,8,0,0,0,0.01071364836341493,2,20,100,22,LOW,MODERATE,-27,-25,IMPROVING,Complex / Specialty / Healthcare Platforms,USER_DEFINED_BUSINESS_MODEL,2,1.4756791352581426,2,50.0,0.3127222301237377,2,50.0,38.80649188514357,2,50.0,2.6527542013240537,2,50.0,0.8117391304347826,2,50.0,13.5,2,50.0,ABOVE PEER MEDIAN,1,0,Watchlist monitoring: investigate alerts and reassess when the next financial results arrive.
Piramal Pharma,FY25,9150.0,1720.0,1180.0,290.0,850.0,3450.0,6120.0,2720.0,2120.0,2350.0,1380.0,680.0,2.005813953488372,1.5116279069767442,4.068965517241379,2.25,700.0,0.2028985507246377,DEFINED,DEFINED,0.11981397625749612,-0.162621359223301,0.12169312169312163,0.07798165137614688,False,12,8,0,0,0,0.0018791454356255066,2,20,100,22,LOW,MODERATE,-15,-17,IMPROVING,API / CDMO / Contract Manufacturing,USER_DEFINED_BUSINESS_MODEL,2,0.9599869914853358,2,100.0,0.06009342478713342,2,50.0,657.2727272727273,2,100.0,4.541083916083916,2,50.0,680.0558139534884,2,50.0,9.5,2,100.0,ABOVE PEER MEDIAN,1,0,Watchlist monitoring: investigate alerts and reassess when the next financial results arrive.
Mankind Pharma,FY25,12180.0,3120.0,2810.0,180.0,1950.0,7250.0,7280.0,3850.0,890.0,2540.0,2710.0,890.0,2.323717948717949,1.6987179487179487,15.61111111111111,1.8909090909090909,1820.0,0.25103448275862067,DEFINED,DEFINED,0.17851959361393321,39.27777777777778,0.3088235294117647,0.16513761467889898,False,12,0,0,0,0,0.1303039357978315,8,12,100,20,LOW,VERY LOW,12,12,DETERIORATING,India-Focused / Branded Formulations,USER_DEFINED_BUSINESS_MODEL,4,0.11926876409320306,4,100.0,-0.695694190915924,4,100.0,94.84615384615384,4,75.0,2.911957215836526,4,100.0,2.967741935483871,3,100.0,3.0,4,100.0,ABOVE PEER MEDIAN,3,1,"Enhanced credit monitoring: review leverage, liquidity and cash generation before the next review."
Laurus Labs,FY25,5680.0,1120.0,750.0,165.0,180.0,2150.0,4250.0,2210.0,1510.0,2080.0,890.0,650.0,1.9196428571428572,1.7589285714285714,4.545454545454546,1.9230769230769231,240.0,0.11162790697674418,DEFINED,DEFINED,0.12676056338028174,-0.09663865546218486,0.11851851851851847,0.06666666666666665,False,6,8,5,0,0,0,0,19,100,19,LOW,CRITICAL,-51,-36,IMPROVING,API / CDMO / Contract Manufacturing,USER_DEFINED_BUSINESS_MODEL,2,1.0030725396580933,2,50.0,-0.06355690743878017,2,100.0,657.0344827586207,2,50.0,4.704545454545455,2,100.0,680.1014492753624,2,100.0,11.0,2,50.0,ABOVE PEER MEDIAN,0,0,Routine monitoring: refresh at the next financial reporting cycle.
Cipla,FY25,28120.0,6950.0,5720.0,75.0,2150.0,480.0,19441.0,5246.0,4771.0,5238.0,6250.0,1350.0,0.06906474820143885,-0.24028776978417266,76.26666666666667,3.7058711399161264,4900.0,10.208333333333334,DEFINED,DEFINED,0.09102196011484431,-0.07692307692307687,0.1759921123983239,0.01590380139643144,False,0,0,0,0,2,0.0849701522834796,5,0,100,7,VERY LOW,VERY LOW,2,0,DETERIORATING,Global Generics & Diversified,USER_DEFINED_BUSINESS_MODEL,7,0.38144329896907214,7,0.0,-0.23687943262411348,7,42.857142857142854,15.458333333333334,7,0.0,2.5180722891566263,7,0.0,1.528225806451613,7,0.0,0,7,100.0,ABOVE PEER MEDIAN,1,0,Watchlist monitoring: investigate alerts and reassess when the next financial results arrive.
Ipca Labs,FY25,8650.0,1680.0,1390.0,95.0,680.0,1850.0,5950.0,2320.0,1540.0,2380.0,1450.0,580.0,1.1011904761904763,0.6964285714285714,14.631578947368421,2.564655172413793,870.0,0.4702702702702703,DEFINED,DEFINED,0.12061147817074747,-0.24489795918367352,0.11594202898550732,0.10697674418604652,False,6,0,0,0,0,0,0,6,100,6,VERY LOW,VERY LOW,-5,0,IMPROVING,India-Focused / Branded Formulations,USER_DEFINED_BUSINESS_MODEL,4,0.11926876409320306,4,75.0,-0.695694190915924,4,75.0,94.84615384615384,4,100.0,2.876108502869066,4,50.0,2.967741935483871,3,66.66666666666667,3.0,4,75.0,ABOVE PEER MEDIAN,0,0,Routine monitoring: refresh at the next financial reporting cycle.
Sun Pharma,FY25,52041.0,15272.0,12580.0,210.0,10250.0,2150.0,29800.0,20550.0,13920.0,12150.0,13200.0,2800.0,0.14078051335777894,-0.5303823991618648,59.904761904761905,1.4501216545012166,10400.0,4.837209302325581,DEFINED,DEFINED,0.07307668515578292,-0.3108974358974359,0.0815850815850816,0.08096085409252662,False,0,0,0,2,2,0.008508396429298681,2,2,100,6,VERY LOW,VERY LOW,-8,-10,IMPROVING,Global Generics & Diversified,USER_DEFINED_BUSINESS_MODEL,7,0.38144329896907214,7,28.57142857142857,-0.23687943262411348,7,14.285714285714285,15.458333333333334,7,28.57142857142857,2.612456747404844,7,100.0,1.528225806451613,7,28.57142857142857,0,7,85.71428571428571,ABOVE PEER MEDIAN,1,0,Watchlist monitoring: investigate alerts and reassess when the next financial results arrive.
Alkem Labs,FY25,13820.0,2680.0,2320.0,65.0,2980.0,620.0,8850.0,3550.0,2610.0,3250.0,2550.0,710.0,0.23134328358208955,-0.8805970149253731,35.69230769230769,2.492957746478873,1840.0,2.967741935483871,DEFINED,DEFINED,0.09093779602147145,-0.2705882352941177,0.11538461538461542,0.07615894039735105,False,0,0,0,0,2,0.024446819363143968,2,0,100,4,VERY LOW,VERY LOW,0,0,STABLE,India-Focused / Branded Formulations,USER_DEFINED_BUSINESS_MODEL,4,0.5541923603973964,4,50.0,0.09281860226104827,4,25.0,84.80555555555556,4,50.0,2.911957215836526,4,75.0,0.4702702702702703,3,33.33333333333334,4.0,4,50.0,AT PEER MEDIAN,1,0,Watchlist monitoring: investigate alerts and reassess when the next financial results arrive.
Abbott India,FY25,6420.0,1620.0,1540.0,10.0,4180.0,0.0,5280.0,1620.0,350.0,850.0,1380.0,110.0,0.0,-2.580246913580247,154.0,3.259259259259259,1270.0,,NO DEBT,DEFINED,0.09762352538895547,,0.09375,0.08974358974358965,False,0,0,0,0,2,0,0,0,100,2,VERY LOW,VERY LOW,-2,0,IMPROVING,India-Focused / Branded Formulations,USER_DEFINED_BUSINESS_MODEL,4,0.666266879886283,4,0.0,0.09281860226104827,4,0.0,25.651709401709404,4,25.0,2.528806459446333,4,25.0,1.7190061028770707,4,,5.0,4,12.5,BELOW PEER MEDIAN,0,0,Routine monitoring: refresh at the next financial reporting cycle.
Ajanta Pharma,FY25,4720.0,1390.0,1240.0,7.0,720.0,10.0,3080.0,840.0,1150.0,1040.0,1210.0,160.0,0.007194244604316547,-0.5107913669064749,177.14285714285714,3.6666666666666665,1050.0,105.0,DEFINED,DEFINED,0.12140650985982426,-0.33333333333333337,0.12745098039215685,0.09473684210526323,False,0,0,0,0,0,0.006044470532332591,2,0,100,2,VERY LOW,VERY LOW,2,0,DETERIORATING,India-Focused / Branded Formulations,USER_DEFINED_BUSINESS_MODEL,4,0.666266879886283,4,25.0,-0.09208422174840086,4,50.0,25.651709401709404,4,0.0,2.528806459446333,4,0.0,0.4702702702702703,3,0.0,5.0,4,12.5,BELOW PEER MEDIAN,1,0,Watchlist monitoring: investigate alerts and reassess when the next financial results arrive.
Aurobindo Pharma,FY25,31724.0,6751.0,5101.0,457.0,4850.0,2480.0,23450.0,8920.0,7820.0,10120.0,5890.0,2100.0,0.36735298474300104,-0.35105910235520665,11.161925601750546,2.6289237668161434,3790.0,1.528225806451613,DEFINED,DEFINED,0.09385559616578165,-0.21269841269841272,0.0937062937062938,0.06751054852320681,False,0,0,0,0,2,0,0,0,100,2,VERY LOW,VERY LOW,2,0,DETERIORATING,Global Generics & Diversified,USER_DEFINED_BUSINESS_MODEL,7,0.38144329896907214,7,42.857142857142854,-0.23687943262411348,7,28.57142857142857,24.464285714285715,7,71.42857142857143,2.5180722891566263,7,28.57142857142857,1.7621621621621621,7,57.142857142857146,0,7,64.28571428571429,ABOVE PEER MEDIAN,0,0,Routine monitoring: refresh at the next financial reporting cycle.
Gland Pharma,FY25,6250.0,1580.0,1340.0,18.0,2450.0,580.0,6150.0,1720.0,1780.0,2280.0,1250.0,380.0,0.3670886075949367,-1.1835443037974684,74.44444444444444,3.5755813953488373,870.0,1.5,DEFINED,DEFINED,0.10326566637246248,-0.29268292682926833,0.12658227848101267,0.07547169811320753,False,0,0,0,0,0,0.023316612108550183,2,0,100,2,VERY LOW,VERY LOW,-8,0,IMPROVING,Complex / Specialty / Healthcare Platforms,USER_DEFINED_BUSINESS_MODEL,2,2.3272910814606744,2,0.0,1.623244382022472,2,0.0,3.3668783585735222,2,0.0,1.8979823715741633,2,0.0,0.1636259228876128,2,0.0,23.5,2,0.0,BELOW PEER MEDIAN,1,0,Watchlist monitoring: investigate alerts and reassess when the next financial results arrive.
Torrent Pharma,FY25,11850.0,3920.0,3080.0,280.0,950.0,3180.0,6650.0,3620.0,2540.0,2320.0,3350.0,580.0,0.8112244897959183,0.5688775510204082,11.0,1.8370165745856353,2770.0,0.8710691823899371,DEFINED,DEFINED,0.10458612975391501,-0.2446555819477435,0.11403508771929816,0.07906976744186056,False,0,0,0,0,0,0.009448957965383142,2,0,100,2,VERY LOW,VERY LOW,-7,-9,IMPROVING,Global Generics & Diversified,USER_DEFINED_BUSINESS_MODEL,7,0.36735298474300104,7,100.0,-0.24028776978417266,7,100.0,24.464285714285715,7,85.71428571428572,2.612456747404844,7,85.71428571428572,1.7621621621621621,7,85.71428571428572,0,7,64.28571428571429,ABOVE PEER MEDIAN,1,0,Watchlist monitoring: investigate alerts and reassess when the next financial results arrive.
Divi's Labs,FY25,9250.0,3020.0,2620.0,2.0,4950.0,1.0,9450.0,1320.0,2210.0,3150.0,2480.0,1120.0,0.00033112582781456954,-1.6387417218543046,1310.0,7.159090909090909,1360.0,1360.0,DEFINED,DEFINED,0.17909496494582533,0.0,0.15706806282722519,0.057046979865771785,False,0,0,0,0,0,0,0,0,100,0,VERY LOW,VERY LOW,-6,0,IMPROVING,API / CDMO / Contract Manufacturing,USER_DEFINED_BUSINESS_MODEL,2,1.9627284053156147,2,0.0,1.6352782392026577,2,0.0,4.307210031347962,2,0.0,2.0865384615384617,2,0.0,0.15726322885069094,2,0.0,20.5,2,0.0,BELOW PEER MEDIAN,0,0,Routine monitoring: refresh at the next financial reporting cycle.
Dr. Reddy's,FY25,32640.0,8540.0,6850.0,280.0,2460.0,4670.0,25018.0,12350.0,9042.0,7109.0,7150.0,3440.0,0.5468384074941453,0.25878220140515223,24.464285714285715,2.025748987854251,3710.0,0.7944325481798715,DEFINED,DEFINED,0.16922195156899278,1.5659340659340661,0.1260273972602739,0.11864673485444532,False,0,0,0,0,0,0,0,0,100,0,VERY LOW,VERY LOW,-8,0,IMPROVING,Global Generics & Diversified,USER_DEFINED_BUSINESS_MODEL,7,0.36735298474300104,7,85.71428571428571,-0.24028776978417266,7,85.71428571428571,15.458333333333334,7,42.85714285714286,2.612456747404844,7,71.42857142857143,1.7621621621621621,7,100.0,2,7,21.428571428571427,BELOW PEER MEDIAN,1,0,Watchlist monitoring: investigate alerts and reassess when the next financial results arrive.
Glenmark Pharma,FY25,13850.0,2520.0,1890.0,215.0,3420.0,1280.0,10450.0,4150.0,3650.0,3120.0,2180.0,690.0,0.5079365079365079,-0.8492063492063492,8.790697674418604,2.5180722891566263,1490.0,1.1640625,DEFINED,DEFINED,0.1724371455176501,-0.4046511627906977,0.14779874213836486,0.09473684210526323,False,0,0,0,0,0,0,0,0,100,0,VERY LOW,MODERATE,-35,-26,IMPROVING,Global Generics & Diversified,USER_DEFINED_BUSINESS_MODEL,7,0.36735298474300104,7,71.42857142857143,-0.23687943262411348,7,0.0,24.464285714285715,7,100.0,2.612456747404844,7,57.142857142857146,1.7621621621621621,7,71.42857142857143,2,7,21.428571428571427,BELOW PEER MEDIAN,0,0,Routine monitoring: refresh at the next financial reporting cycle.
Lupin,FY25,22800.0,4850.0,3710.0,240.0,2120.0,1850.0,15100.0,5780.0,6180.0,5850.0,4210.0,950.0,0.38144329896907214,-0.05567010309278351,15.458333333333334,2.612456747404844,3260.0,1.7621621621621621,DEFINED,DEFINED,0.13937334466043683,-0.30188679245283023,0.10160427807486627,0.0793357933579335,False,0,0,0,0,0,0,0,0,100,0,VERY LOW,VERY LOW,0,0,STABLE,Global Generics & Diversified,USER_DEFINED_BUSINESS_MODEL,7,0.36735298474300104,7,57.14285714285714,-0.24028776978417266,7,71.42857142857143,24.464285714285715,7,57.142857142857146,2.5180722891566263,7,42.85714285714286,1.528225806451613,7,42.85714285714286,2,7,21.428571428571427,BELOW PEER MEDIAN,0,0,Routine monitoring: refresh at the next financial reporting cycle.
Zydus Lifesciences,FY25,23215.0,7050.0,6120.0,92.0,2320.0,650.0,14850.0,5150.0,5120.0,4820.0,6770.0,1710.0,0.09219858156028368,-0.23687943262411348,66.52173913043478,2.883495145631068,5060.0,7.7846153846153845,DEFINED,DEFINED,0.1876502788151635,-0.20731707317073167,0.1505617977528091,0.10550458715596323,False,0,0,0,0,0,0,0,0,100,0,VERY LOW,VERY LOW,-2,0,IMPROVING,Global Generics & Diversified,USER_DEFINED_BUSINESS_MODEL,7,0.38144329896907214,7,14.285714285714285,-0.24028776978417266,7,57.14285714285714,15.458333333333334,7,14.285714285714292,2.5180722891566263,7,14.285714285714292,1.528225806451613,7,14.285714285714292,2,7,21.428571428571427,BELOW PEER MEDIAN,0,0,Routine monitoring: refresh at the next financial reporting cycle.
