company_id,fiscal_year,revenue,ebitda,ebit,interest_expense,cash,total_debt,current_assets,current_liabilities,receivables,inventory,operating_cash_flow,capex,debt_ebitda,net_debt_ebitda,interest_coverage,current_ratio,free_cash_flow,fcf_debt,fcf_debt_status,coverage_status,revenue_growth,debt_growth,receivables_growth,inventory_growth,debt_from_zero,leverage_points,servicing_points,cash_flow_points,liquidity_points,earnings_points,working_capital_gap,working_capital_points,core_risk_score,score_available_points,financial_risk_score,risk_rating,previous_rating,score_change,core_score_change,score_direction
Abbott India,FY21,4310.0,942.0,882.0,18.0,2420.0,0.0,3250.0,1120.0,220.0,580.0,780.0,65.0,0.0,-2.5690021231422504,49.0,2.9017857142857144,715.0,,NO DEBT,DEFINED,,,,,False,0,0,0,0,,,,0,80,,NOT SCORED,,,,UNAVAILABLE
Abbott India,FY22,4919.0,1085.0,1021.0,15.0,2780.0,0.0,3680.0,1250.0,260.0,640.0,910.0,72.0,0.0,-2.5622119815668203,68.06666666666666,2.944,838.0,,NO DEBT,DEFINED,0.14129930394431556,,0.18181818181818188,0.10344827586206895,False,0,0,0,0,0,0.04051887787386632,2,0,100,2,VERY LOW,NOT SCORED,,0,UNAVAILABLE
Abbott India,FY23,5349.0,1218.0,1152.0,12.0,3150.0,0.0,4120.0,1380.0,290.0,710.0,1050.0,85.0,0.0,-2.586206896551724,96.0,2.9855072463768115,965.0,,NO DEBT,DEFINED,0.08741614149217325,,0.11538461538461542,0.109375,False,0,0,0,0,2,0.02796847389244217,2,0,100,4,VERY LOW,VERY LOW,2,0,DETERIORATING
Abbott India,FY24,5849.0,1420.0,1350.0,11.0,3620.0,0.0,4650.0,1490.0,320.0,780.0,1220.0,95.0,0.0,-2.5492957746478875,122.72727272727273,3.120805369127517,1125.0,,NO DEBT,DEFINED,0.09347541596560105,,0.10344827586206895,0.09859154929577474,False,0,0,0,0,2,0.0099728598964679,2,0,100,4,VERY LOW,VERY LOW,0,0,STABLE
Abbott India,FY25,6420.0,1620.0,1540.0,10.0,4180.0,0.0,5280.0,1620.0,350.0,850.0,1380.0,110.0,0.0,-2.580246913580247,154.0,3.259259259259259,1270.0,,NO DEBT,DEFINED,0.09762352538895547,,0.09375,0.08974358974358965,False,0,0,0,0,2,0,0,0,100,2,VERY LOW,VERY LOW,-2,0,IMPROVING
Ajanta Pharma,FY21,2881.0,997.0,881.0,8.0,320.0,10.0,1820.0,610.0,710.0,620.0,820.0,140.0,0.010030090270812437,-0.31093279839518556,110.125,2.9836065573770494,680.0,68.0,DEFINED,DEFINED,,,,,False,0,0,0,0,,,,0,80,,NOT SCORED,,,,UNAVAILABLE
Ajanta Pharma,FY22,3341.0,933.0,808.0,11.0,280.0,15.0,2050.0,680.0,820.0,780.0,710.0,160.0,0.01607717041800643,-0.2840300107181136,73.45454545454545,3.014705882352941,550.0,36.666666666666664,DEFINED,DEFINED,0.15966678236723353,0.5,0.15492957746478875,0.25806451612903225,False,0,0,0,0,0,0.09839773376179872,5,0,100,5,VERY LOW,NOT SCORED,,0,UNAVAILABLE
Ajanta Pharma,FY23,3743.0,842.0,711.0,9.0,350.0,20.0,2280.0,720.0,910.0,890.0,680.0,180.0,0.023752969121140142,-0.3919239904988123,79.0,3.1666666666666665,500.0,25.0,DEFINED,DEFINED,0.12032325651002695,0.33333333333333326,0.10975609756097571,0.14102564102564097,False,0,0,0,0,0,0.020702384515614014,2,0,100,2,VERY LOW,VERY LOW,-3,0,IMPROVING
Ajanta Pharma,FY24,4209.0,1180.0,1040.0,8.0,510.0,15.0,2650.0,780.0,1020.0,950.0,1020.0,150.0,0.012711864406779662,-0.4194915254237288,130.0,3.3974358974358974,870.0,58.0,DEFINED,DEFINED,0.12449906492118612,-0.25,0.1208791208791209,0.0674157303370786,False,0,0,0,0,0,0,0,0,100,0,VERY LOW,VERY LOW,-2,0,IMPROVING
Ajanta Pharma,FY25,4720.0,1390.0,1240.0,7.0,720.0,10.0,3080.0,840.0,1150.0,1040.0,1210.0,160.0,0.007194244604316547,-0.5107913669064749,177.14285714285714,3.6666666666666665,1050.0,105.0,DEFINED,DEFINED,0.12140650985982426,-0.33333333333333337,0.12745098039215685,0.09473684210526323,False,0,0,0,0,0,0.006044470532332591,2,0,100,2,VERY LOW,VERY LOW,2,0,DETERIORATING
Alkem Labs,FY21,8865.0,1942.0,1647.0,65.0,1020.0,1710.0,5420.0,2850.0,1620.0,2150.0,1820.0,480.0,0.8805355303810505,0.3553038105046344,25.338461538461537,1.9017543859649122,1340.0,0.783625730994152,DEFINED,DEFINED,,,,,False,0,0,0,0,,,,0,80,,NOT SCORED,,,,UNAVAILABLE
Alkem Labs,FY22,10634.0,2053.0,1751.0,52.0,1280.0,1580.0,6210.0,3120.0,1890.0,2680.0,1650.0,590.0,0.7696054554310765,0.14612761811982464,33.67307692307692,1.9903846153846154,1060.0,0.6708860759493671,DEFINED,DEFINED,0.1995487873660462,-0.07602339181286555,0.16666666666666674,0.24651162790697678,False,0,0,0,0,0,0.046962840540930584,2,0,100,2,VERY LOW,NOT SCORED,,0,UNAVAILABLE
Alkem Labs,FY23,11599.0,1620.0,1310.0,108.0,1410.0,1220.0,6850.0,3280.0,2110.0,2890.0,1420.0,620.0,0.7530864197530864,-0.11728395061728394,12.12962962962963,2.0884146341463414,800.0,0.6557377049180327,DEFINED,DEFINED,0.09074666165130707,-0.22784810126582278,0.1164021164021165,0.07835820895522394,False,0,0,0,0,2,0.025655454750809437,2,0,100,4,VERY LOW,VERY LOW,2,0,DETERIORATING
Alkem Labs,FY24,12668.0,2280.0,1950.0,82.0,2150.0,850.0,7920.0,3410.0,2340.0,3020.0,2180.0,650.0,0.37280701754385964,-0.5701754385964912,23.78048780487805,2.3225806451612905,1530.0,1.8,DEFINED,DEFINED,0.09216311751013029,-0.30327868852459017,0.1090047393364928,0.04498269896193774,False,0,0,0,0,2,0.016841621826362507,2,0,100,4,VERY LOW,VERY LOW,0,0,STABLE
Alkem Labs,FY25,13820.0,2680.0,2320.0,65.0,2980.0,620.0,8850.0,3550.0,2610.0,3250.0,2550.0,710.0,0.23134328358208955,-0.8805970149253731,35.69230769230769,2.492957746478873,1840.0,2.967741935483871,DEFINED,DEFINED,0.09093779602147145,-0.2705882352941177,0.11538461538461542,0.07615894039735105,False,0,0,0,0,2,0.024446819363143968,2,0,100,4,VERY LOW,VERY LOW,0,0,STABLE
Aurobindo Pharma,FY21,24774.0,5333.0,4278.0,75.0,4580.0,4790.0,16850.0,7820.0,6150.0,7420.0,4120.0,1850.0,0.89818113632102,0.039377461091318205,57.04,2.1547314578005117,2270.0,0.47390396659707723,DEFINED,DEFINED,,,,,False,0,0,0,0,,,,0,80,,NOT SCORED,,,,UNAVAILABLE
Aurobindo Pharma,FY22,23455.0,4387.0,3260.0,49.0,3890.0,3810.0,17420.0,7450.0,5890.0,8210.0,3450.0,2120.0,0.8684750398905858,-0.018235696375655346,66.53061224489795,2.338255033557047,1330.0,0.34908136482939633,DEFINED,DEFINED,-0.05324130136433358,-0.20459290187891443,-0.042276422764227606,0.10646900269541781,False,0,0,0,0,7,0.1597103040597514,8,0,100,15,LOW,NOT SCORED,,0,UNAVAILABLE
Aurobindo Pharma,FY23,24855.0,4034.0,2789.0,141.0,3120.0,4920.0,18250.0,8120.0,6420.0,8950.0,3210.0,2450.0,1.219633118492811,0.44620723847297966,19.78014184397163,2.247536945812808,760.0,0.15447154471544716,DEFINED,DEFINED,0.05968876572159454,0.2913385826771653,0.08998302207130737,0.09013398294762487,False,6,0,5,0,2,0.03044521722603033,2,11,100,15,LOW,LOW,0,11,STABLE
Aurobindo Pharma,FY24,29002.0,5843.0,4321.0,290.0,4210.0,3150.0,21120.0,8650.0,7150.0,9480.0,5120.0,2280.0,0.5391066233099435,-0.18141365736779053,14.9,2.4416184971098267,2840.0,0.9015873015873016,DEFINED,DEFINED,0.1668477167571918,-0.3597560975609756,0.11370716510903423,0.05921787709497206,False,0,0,0,0,0,0,0,0,100,0,VERY LOW,LOW,-15,-11,IMPROVING
Aurobindo Pharma,FY25,31724.0,6751.0,5101.0,457.0,4850.0,2480.0,23450.0,8920.0,7820.0,10120.0,5890.0,2100.0,0.36735298474300104,-0.35105910235520665,11.161925601750546,2.6289237668161434,3790.0,1.528225806451613,DEFINED,DEFINED,0.09385559616578165,-0.21269841269841272,0.0937062937062938,0.06751054852320681,False,0,0,0,0,2,0,0,0,100,2,VERY LOW,VERY LOW,2,0,DETERIORATING
Biocon,FY21,7106.0,1657.0,942.0,73.0,2850.0,4250.0,5820.0,3120.0,1850.0,1980.0,1220.0,1850.0,2.5648762824381413,0.8449004224502112,12.904109589041095,1.8653846153846154,-630.0,-0.14823529411764705,DEFINED,DEFINED,,,,,False,12,0,20,0,,,,32,80,,NOT SCORED,,,,UNAVAILABLE
Biocon,FY22,8184.0,1890.0,1082.0,120.0,2420.0,5120.0,6450.0,3580.0,2120.0,2280.0,1350.0,2150.0,2.708994708994709,1.4285714285714286,9.016666666666667,1.8016759776536313,-800.0,-0.15625,DEFINED,DEFINED,0.15170278637770895,0.20470588235294107,0.145945945945946,0.1515151515151516,False,12,0,20,0,0,0,0,32,100,32,MODERATE,NOT SCORED,,0,UNAVAILABLE
Biocon,FY23,11174.0,2528.0,1380.0,520.0,3120.0,15200.0,8950.0,6820.0,3150.0,3210.0,1890.0,3850.0,6.012658227848101,4.7784810126582276,2.6538461538461537,1.312316715542522,-1960.0,-0.12894736842105264,DEFINED,DEFINED,0.3653470185728249,1.96875,0.48584905660377364,0.4078947368421053,False,25,15,20,2,0,0.12050203803094872,8,62,100,70,CRITICAL,MODERATE,38,30,DETERIORATING
Biocon,FY24,14750.0,3780.0,2250.0,1050.0,2850.0,13800.0,10420.0,7120.0,3890.0,3650.0,2850.0,2420.0,3.6507936507936507,2.8968253968253967,2.142857142857143,1.4634831460674158,430.0,0.031159420289855074,DEFINED,DEFINED,0.3200286379094326,-0.09210526315789469,0.23492063492063497,0.1370716510903427,False,20,15,15,2,0,0,0,52,100,52,HIGH,CRITICAL,-18,-10,IMPROVING
Biocon,FY25,16850.0,4450.0,2820.0,890.0,3450.0,11500.0,11850.0,6850.0,4320.0,3920.0,3520.0,2100.0,2.5842696629213484,1.8089887640449438,3.168539325842697,1.72992700729927,1420.0,0.12347826086956522,DEFINED,DEFINED,0.14237288135593218,-0.16666666666666663,0.11053984575835485,0.07397260273972606,False,12,8,5,0,0,0,0,25,100,25,LOW,HIGH,-27,-27,IMPROVING
Cipla,FY21,19160.0,4252.0,3185.0,161.0,1004.0,2816.0,11706.0,4393.0,3891.0,4378.0,3760.0,680.0,0.6622765757290687,0.4261523988711195,19.782608695652176,2.6646938310949237,3080.0,1.09375,DEFINED,DEFINED,,,,,False,0,0,0,0,,,,0,80,,NOT SCORED,,,,UNAVAILABLE
Cipla,FY22,21763.0,4553.0,3501.0,106.0,1401.0,1537.0,13210.0,4592.0,3446.0,4669.0,3840.0,820.0,0.3375796178343949,0.029870415110915878,33.028301886792455,2.8767421602787455,3020.0,1.9648666232921275,DEFINED,DEFINED,0.13585594989561578,-0.45419034090909094,-0.11436648676432792,0.06646870717222475,False,0,0,0,0,0,0,0,0,100,0,VERY LOW,NOT SCORED,,0,UNAVAILABLE
Cipla,FY23,22753.0,5027.0,3855.0,110.0,1928.0,824.0,14728.0,4913.0,3424.0,5350.0,4410.0,1050.0,0.16391485975731052,-0.21961408394668788,35.04545454545455,2.9977610421331162,3360.0,4.077669902912621,DEFINED,DEFINED,0.045490051922988606,-0.46389069616135326,-0.006384213580963416,0.14585564360676795,False,0,0,0,0,4,0.10036559168377934,8,0,100,12,VERY LOW,VERY LOW,12,0,DETERIORATING
Cipla,FY24,25774.0,6290.0,5110.0,85.0,1565.0,520.0,17275.0,5110.0,4057.0,5156.0,5680.0,1180.0,0.08267090620031796,-0.16613672496025436,60.11764705882353,3.3806262230919764,4500.0,8.653846153846153,DEFINED,DEFINED,0.132773700171406,-0.3689320388349514,0.1848714953271029,-0.036261682242990645,False,0,0,0,0,0,0.0520977951556969,5,0,100,5,VERY LOW,VERY LOW,-7,0,IMPROVING
Cipla,FY25,28120.0,6950.0,5720.0,75.0,2150.0,480.0,19441.0,5246.0,4771.0,5238.0,6250.0,1350.0,0.06906474820143885,-0.24028776978417266,76.26666666666667,3.7058711399161264,4900.0,10.208333333333334,DEFINED,DEFINED,0.09102196011484431,-0.07692307692307687,0.1759921123983239,0.01590380139643144,False,0,0,0,0,2,0.0849701522834796,5,0,100,7,VERY LOW,VERY LOW,2,0,DETERIORATING
Divi's Labs,FY21,6969.0,2860.0,2522.0,1.0,2150.0,4.0,5620.0,1120.0,1680.0,2150.0,2180.0,820.0,0.0013986013986013986,-0.7503496503496504,2522.0,5.017857142857143,1360.0,340.0,DEFINED,DEFINED,,,,,False,0,0,0,0,,,,0,80,,NOT SCORED,,,,UNAVAILABLE
Divi's Labs,FY22,8960.0,3882.0,3571.0,1.0,3120.0,2.0,7250.0,1280.0,2250.0,2820.0,2920.0,950.0,0.0005151983513652757,-0.8031942297784647,3571.0,5.6640625,1970.0,985.0,DEFINED,DEFINED,0.28569378676998136,-0.5,0.3392857142857142,0.31162790697674425,False,0,0,0,0,0,0.05359192751573283,5,0,100,5,VERY LOW,NOT SCORED,,0,UNAVAILABLE
Divi's Labs,FY23,7768.0,2338.0,1993.0,1.0,3850.0,1.0,7980.0,1180.0,1820.0,2890.0,1850.0,540.0,0.000427715996578272,-1.646278870829769,1993.0,6.762711864406779,1310.0,1310.0,DEFINED,DEFINED,-0.13303571428571426,-0.5,-0.19111111111111112,0.024822695035461084,False,0,0,0,0,10,0.15785840932117534,8,0,100,18,LOW,VERY LOW,13,0,DETERIORATING
Divi's Labs,FY24,7845.0,2390.0,2020.0,2.0,4280.0,1.0,8420.0,1210.0,1910.0,2980.0,1910.0,680.0,0.00041841004184100416,-1.790376569037657,1010.0,6.958677685950414,1230.0,1230.0,DEFINED,DEFINED,0.009912461380020554,0.0,0.0494505494505495,0.03114186851211076,False,0,0,0,0,4,0.03953808807052894,2,0,100,6,VERY LOW,LOW,-12,0,IMPROVING
Divi's Labs,FY25,9250.0,3020.0,2620.0,2.0,4950.0,1.0,9450.0,1320.0,2210.0,3150.0,2480.0,1120.0,0.00033112582781456954,-1.6387417218543046,1310.0,7.159090909090909,1360.0,1360.0,DEFINED,DEFINED,0.17909496494582533,0.0,0.15706806282722519,0.057046979865771785,False,0,0,0,0,0,0,0,0,100,0,VERY LOW,VERY LOW,-6,0,IMPROVING
Dr. Reddy's,FY21,18972.0,4468.0,3198.0,97.0,2079.0,3030.0,14535.0,8104.0,4964.0,4541.0,3570.0,1020.0,0.6781557743957027,0.21284691136974038,32.96907216494845,1.793558736426456,2550.0,0.8415841584158416,DEFINED,DEFINED,,,,,False,0,0,0,0,,,,0,80,,NOT SCORED,,,,UNAVAILABLE
Dr. Reddy's,FY22,21439.0,4874.0,3592.0,96.0,2419.0,3380.0,17788.0,9766.0,6676.0,5088.0,3680.0,1480.0,0.6934755847353303,0.19716864997948297,37.416666666666664,1.821421257423715,2200.0,0.650887573964497,DEFINED,DEFINED,0.130033733923677,0.11551155115511547,0.3448831587429493,0.12045804888791012,False,0,0,0,0,0,0.21484942481927227,10,0,100,10,VERY LOW,NOT SCORED,,0,UNAVAILABLE
Dr. Reddy's,FY23,24588.0,7308.0,5888.0,138.0,1730.0,1380.0,20425.0,8572.0,7249.0,4867.0,6050.0,1120.0,0.18883415435139572,-0.04789272030651341,42.666666666666664,2.3827578161455905,4930.0,3.572463768115942,DEFINED,DEFINED,0.14688185083259486,-0.591715976331361,0.08582983822648282,-0.04343553459119498,False,0,0,0,0,0,0,0,0,100,0,VERY LOW,VERY LOW,-10,0,IMPROVING
Dr. Reddy's,FY24,27916.0,8460.0,6940.0,182.0,1728.0,1820.0,24805.0,10420.0,8030.0,6355.0,6820.0,1860.0,0.21513002364066194,0.010874704491725768,38.13186813186813,2.3805182341650672,4960.0,2.7252747252747254,DEFINED,DEFINED,0.13535057751748814,0.318840579710145,0.10773899848254942,0.30573248407643305,False,0,0,0,0,0,0.17038190655894492,8,0,100,8,VERY LOW,VERY LOW,8,0,DETERIORATING
Dr. Reddy's,FY25,32640.0,8540.0,6850.0,280.0,2460.0,4670.0,25018.0,12350.0,9042.0,7109.0,7150.0,3440.0,0.5468384074941453,0.25878220140515223,24.464285714285715,2.025748987854251,3710.0,0.7944325481798715,DEFINED,DEFINED,0.16922195156899278,1.5659340659340661,0.1260273972602739,0.11864673485444532,False,0,0,0,0,0,0,0,0,100,0,VERY LOW,VERY LOW,-8,0,IMPROVING
Gland Pharma,FY21,3463.0,1302.0,1202.0,5.0,2980.0,4.0,4120.0,680.0,780.0,1250.0,1020.0,220.0,0.0030721966205837174,-2.2857142857142856,240.4,6.0588235294117645,800.0,200.0,DEFINED,DEFINED,,,,,False,0,0,0,0,,,,0,80,,NOT SCORED,,,,UNAVAILABLE
Gland Pharma,FY22,4401.0,1510.0,1388.0,5.0,3420.0,3.0,4850.0,750.0,980.0,1520.0,1150.0,280.0,0.001986754966887417,-2.2629139072847684,277.6,6.466666666666667,870.0,290.0,DEFINED,DEFINED,0.270863413225527,-0.25,0.2564102564102564,0.21599999999999997,False,0,0,0,0,0,0,0,0,100,0,VERY LOW,NOT SCORED,,0,UNAVAILABLE
Gland Pharma,FY23,3625.0,1025.0,880.0,7.0,3120.0,2.0,4620.0,820.0,890.0,1680.0,780.0,310.0,0.001951219512195122,-3.041951219512195,125.71428571428571,5.634146341463414,470.0,235.0,DEFINED,DEFINED,-0.1763235628266303,-0.33333333333333337,-0.09183673469387754,0.10526315789473695,False,0,0,0,0,10,0.28158672072136726,10,0,100,20,LOW,VERY LOW,20,0,DETERIORATING
Gland Pharma,FY24,5665.0,1320.0,1120.0,22.0,1850.0,820.0,5420.0,1850.0,1580.0,2120.0,950.0,350.0,0.6212121212121212,-0.7803030303030303,50.90909090909091,2.9297297297297296,600.0,0.7317073170731707,DEFINED,DEFINED,0.5627586206896551,409.0,0.7752808988764044,0.26190476190476186,False,0,0,0,0,0,0.2125222781867493,10,0,100,10,VERY LOW,LOW,-10,0,IMPROVING
Gland Pharma,FY25,6250.0,1580.0,1340.0,18.0,2450.0,580.0,6150.0,1720.0,1780.0,2280.0,1250.0,380.0,0.3670886075949367,-1.1835443037974684,74.44444444444444,3.5755813953488373,870.0,1.5,DEFINED,DEFINED,0.10326566637246248,-0.29268292682926833,0.12658227848101267,0.07547169811320753,False,0,0,0,0,0,0.023316612108550183,2,0,100,2,VERY LOW,VERY LOW,-8,0,IMPROVING
Glenmark Pharma,FY21,10944.0,2084.0,1640.0,353.0,1180.0,4580.0,8450.0,4820.0,2890.0,2750.0,1650.0,680.0,2.197696737044146,1.6314779270633397,4.645892351274788,1.7531120331950207,970.0,0.21179039301310043,DEFINED,DEFINED,,,,,False,12,8,0,0,,,,20,80,,NOT SCORED,,,,UNAVAILABLE
Glenmark Pharma,FY22,12305.0,2210.0,1720.0,312.0,1320.0,4120.0,9120.0,4950.0,3120.0,2980.0,1780.0,740.0,1.8642533936651584,1.2669683257918551,5.512820512820513,1.8424242424242425,1040.0,0.2524271844660194,DEFINED,DEFINED,0.12436038011695905,-0.10043668122270744,0.0795847750865053,0.08363636363636373,False,6,3,0,0,0,0,0,9,100,9,VERY LOW,NOT SCORED,,-11,UNAVAILABLE
Glenmark Pharma,FY23,12990.0,2298.0,1750.0,338.0,1210.0,4650.0,9850.0,5210.0,3450.0,3210.0,1620.0,810.0,2.023498694516971,1.4969538729329852,5.177514792899408,1.890595009596929,810.0,0.17419354838709677,DEFINED,DEFINED,0.05566842746850864,0.12864077669902918,0.10576923076923084,0.07718120805369133,False,12,3,5,0,2,0.050100803300722196,5,20,100,27,LOW,VERY LOW,18,11,DETERIORATING
Glenmark Pharma,FY24,11813.0,1180.0,590.0,412.0,2850.0,2150.0,9210.0,4320.0,3180.0,2850.0,1150.0,620.0,1.8220338983050848,-0.5932203389830508,1.4320388349514563,2.1319444444444446,530.0,0.24651162790697675,DEFINED,DEFINED,-0.09060816012317163,-0.5376344086021505,-0.07826086956521738,-0.11214953271028039,False,6,20,0,0,7,0.012347290557954249,2,26,100,35,MODERATE,LOW,8,6,DETERIORATING
Glenmark Pharma,FY25,13850.0,2520.0,1890.0,215.0,3420.0,1280.0,10450.0,4150.0,3650.0,3120.0,2180.0,690.0,0.5079365079365079,-0.8492063492063492,8.790697674418604,2.5180722891566263,1490.0,1.1640625,DEFINED,DEFINED,0.1724371455176501,-0.4046511627906977,0.14779874213836486,0.09473684210526323,False,0,0,0,0,0,0,0,0,100,0,VERY LOW,MODERATE,-35,-26,IMPROVING
Ipca Labs,FY21,5420.0,1544.0,1360.0,9.0,480.0,180.0,3250.0,1280.0,820.0,1350.0,1280.0,310.0,0.11658031088082901,-0.19430051813471502,151.11111111111111,2.5390625,970.0,5.388888888888889,DEFINED,DEFINED,,,,,False,0,0,0,0,,,,0,80,,NOT SCORED,,,,UNAVAILABLE
Ipca Labs,FY22,5830.0,1311.0,1110.0,8.0,620.0,120.0,3680.0,1350.0,910.0,1580.0,1050.0,390.0,0.09153318077803203,-0.38138825324180015,138.75,2.725925925925926,660.0,5.5,DEFINED,DEFINED,0.07564575645756455,-0.33333333333333337,0.10975609756097571,0.17037037037037028,False,0,0,0,0,2,0.09472461391280573,5,0,100,7,VERY LOW,NOT SCORED,,0,UNAVAILABLE
Ipca Labs,FY23,6244.0,1082.0,860.0,19.0,510.0,780.0,4120.0,1850.0,1050.0,1720.0,890.0,520.0,0.7208872458410351,0.24953789279112754,45.26315789473684,2.227027027027027,370.0,0.47435897435897434,DEFINED,DEFINED,0.07101200686106357,5.5,0.15384615384615374,0.08860759493670889,False,0,0,0,0,2,0.08283414698509017,5,0,100,7,VERY LOW,VERY LOW,0,0,STABLE
Ipca Labs,FY24,7719.0,1380.0,1120.0,115.0,420.0,2450.0,5280.0,2450.0,1380.0,2150.0,1180.0,680.0,1.7753623188405796,1.4710144927536233,9.73913043478261,2.1551020408163266,500.0,0.20408163265306123,DEFINED,DEFINED,0.23622677770659828,2.141025641025641,0.3142857142857143,0.25,False,6,0,0,0,0,0.078058936579116,5,6,100,11,VERY LOW,VERY LOW,4,6,DETERIORATING
Ipca Labs,FY25,8650.0,1680.0,1390.0,95.0,680.0,1850.0,5950.0,2320.0,1540.0,2380.0,1450.0,580.0,1.1011904761904763,0.6964285714285714,14.631578947368421,2.564655172413793,870.0,0.4702702702702703,DEFINED,DEFINED,0.12061147817074747,-0.24489795918367352,0.11594202898550732,0.10697674418604652,False,6,0,0,0,0,0,0,6,100,6,VERY LOW,VERY LOW,-5,0,IMPROVING
Jubilant Pharmova,FY21,6099.0,1418.0,1020.0,285.0,720.0,3120.0,3250.0,1850.0,980.0,1150.0,1120.0,450.0,2.2002820874471087,1.692524682651622,3.5789473684210527,1.7567567567567568,670.0,0.21474358974358973,DEFINED,DEFINED,,,,,False,12,8,0,0,,,,20,80,,NOT SCORED,,,,UNAVAILABLE
Jubilant Pharmova,FY22,6130.0,1180.0,780.0,210.0,650.0,2850.0,3420.0,1920.0,1050.0,1280.0,920.0,520.0,2.4152542372881354,1.8644067796610169,3.7142857142857144,1.78125,400.0,0.14035087719298245,DEFINED,DEFINED,0.0050828004590917075,-0.08653846153846156,0.0714285714285714,0.11304347826086958,False,12,8,5,0,4,0.10796067780177787,8,25,100,37,MODERATE,NOT SCORED,,5,UNAVAILABLE
Jubilant Pharmova,FY23,6282.0,770.0,380.0,245.0,580.0,3210.0,3650.0,2150.0,1120.0,1420.0,610.0,680.0,4.1688311688311686,3.4155844155844157,1.5510204081632653,1.697674418604651,-70.0,-0.021806853582554516,DEFINED,DEFINED,0.024796084828711207,0.12631578947368416,0.06666666666666665,0.109375,False,25,20,20,0,4,0.0845789151712888,5,65,100,74,CRITICAL,MODERATE,37,40,DETERIORATING
Jubilant Pharmova,FY24,6715.0,980.0,560.0,280.0,620.0,3050.0,3920.0,2080.0,1210.0,1480.0,850.0,610.0,3.1122448979591835,2.479591836734694,2.0,1.8846153846153846,240.0,0.07868852459016394,DEFINED,DEFINED,0.06892709328239421,-0.049844236760124616,0.0803571428571428,0.04225352112676051,False,20,15,10,0,2,0.01143004957474858,2,45,100,49,MODERATE,CRITICAL,-25,-20,IMPROVING
Jubilant Pharmova,FY25,7420.0,1280.0,820.0,230.0,810.0,2650.0,4380.0,2120.0,1350.0,1580.0,1120.0,580.0,2.0703125,1.4375,3.5652173913043477,2.0660377358490565,540.0,0.2037735849056604,DEFINED,DEFINED,0.1049888309754281,-0.1311475409836066,0.11570247933884303,0.06756756756756754,False,12,8,0,0,0,0.01071364836341493,2,20,100,22,LOW,MODERATE,-27,-25,IMPROVING
Laurus Labs,FY21,4814.0,1551.0,1346.0,68.0,120.0,1480.0,3120.0,1850.0,1280.0,1580.0,1120.0,620.0,0.9542230818826564,0.8768536428110896,19.794117647058822,1.6864864864864866,500.0,0.33783783783783783,DEFINED,DEFINED,,,,,False,0,0,0,0,,,,0,80,,NOT SCORED,,,,UNAVAILABLE
Laurus Labs,FY22,4936.0,1422.0,1171.0,102.0,95.0,1750.0,3450.0,2120.0,1390.0,1780.0,880.0,950.0,1.230661040787623,1.1638537271448663,11.480392156862745,1.6273584905660377,-70.0,-0.04,DEFINED,DEFINED,0.025342750311591278,0.18243243243243246,0.0859375,0.12658227848101267,False,6,0,20,0,4,0.10123952816942139,8,26,100,38,MODERATE,NOT SCORED,,26,UNAVAILABLE
Laurus Labs,FY23,6041.0,1588.0,1284.0,158.0,110.0,2120.0,4120.0,2450.0,1620.0,2110.0,1020.0,980.0,1.3350125944584383,1.265743073047859,8.126582278481013,1.6816326530612244,40.0,0.018867924528301886,DEFINED,DEFINED,0.22386547811993518,0.21142857142857152,0.16546762589928066,0.1853932584269662,False,6,0,15,0,0,0,0,21,100,21,LOW,MODERATE,-17,-5,IMPROVING
Laurus Labs,FY24,5041.0,780.0,440.0,182.0,140.0,2380.0,3820.0,2320.0,1350.0,1950.0,620.0,740.0,3.051282051282051,2.871794871794872,2.4175824175824174,1.646551724137931,-120.0,-0.05042016806722689,DEFINED,DEFINED,-0.16553550736633005,0.12264150943396235,-0.16666666666666663,-0.07582938388625593,False,20,15,20,0,10,0.08970612348007412,5,55,100,70,CRITICAL,LOW,49,34,DETERIORATING
Laurus Labs,FY25,5680.0,1120.0,750.0,165.0,180.0,2150.0,4250.0,2210.0,1510.0,2080.0,890.0,650.0,1.9196428571428572,1.7589285714285714,4.545454545454546,1.9230769230769231,240.0,0.11162790697674418,DEFINED,DEFINED,0.12676056338028174,-0.09663865546218486,0.11851851851851847,0.06666666666666665,False,6,8,5,0,0,0,0,19,100,19,LOW,CRITICAL,-51,-36,IMPROVING
Lupin,FY21,15163.0,2567.0,1680.0,141.0,1680.0,3028.0,10120.0,5180.0,4410.0,4090.0,1980.0,620.0,1.1795870666147255,0.5251266069341644,11.914893617021276,1.9536679536679538,1360.0,0.44914134742404227,DEFINED,DEFINED,,,,,False,6,0,0,0,,,,6,80,,NOT SCORED,,,,UNAVAILABLE
Lupin,FY22,16405.0,2267.0,1320.0,143.0,1420.0,3850.0,11250.0,5840.0,4620.0,4650.0,1450.0,710.0,1.698279664755183,1.0719011910013234,9.23076923076923,1.9263698630136987,740.0,0.19220779220779222,DEFINED,DEFINED,0.08190991228648681,0.2714663143989431,0.04761904761904767,0.13691931540342295,False,6,0,5,0,2,0.05500940311693614,5,11,100,18,LOW,NOT SCORED,,5,UNAVAILABLE
Lupin,FY23,16642.0,1822.0,880.0,272.0,1150.0,4280.0,11890.0,6120.0,4890.0,5120.0,1220.0,780.0,2.349066959385291,1.7178924259055983,3.235294117647059,1.9428104575163399,440.0,0.102803738317757,DEFINED,DEFINED,0.014446814995428214,0.11168831168831161,0.05844155844155852,0.1010752688172043,False,12,8,5,0,4,0.08662845382177609,5,25,100,34,MODERATE,LOW,16,14,DETERIORATING
Lupin,FY24,20011.0,3820.0,2750.0,315.0,1580.0,2650.0,13420.0,5950.0,5610.0,5420.0,3150.0,850.0,0.693717277486911,0.2801047120418848,8.73015873015873,2.2554621848739496,2300.0,0.8679245283018868,DEFINED,DEFINED,0.20243961062372318,-0.3808411214953271,0.14723926380368102,0.05859375,False,0,0,0,0,0,0,0,0,100,0,VERY LOW,MODERATE,-34,-25,IMPROVING
Lupin,FY25,22800.0,4850.0,3710.0,240.0,2120.0,1850.0,15100.0,5780.0,6180.0,5850.0,4210.0,950.0,0.38144329896907214,-0.05567010309278351,15.458333333333334,2.612456747404844,3260.0,1.7621621621621621,DEFINED,DEFINED,0.13937334466043683,-0.30188679245283023,0.10160427807486627,0.0793357933579335,False,0,0,0,0,0,0,0,0,100,0,VERY LOW,VERY LOW,0,0,STABLE
Mankind Pharma,FY21,6214.0,1648.0,1510.0,42.0,701.0,235.0,2947.0,1262.0,325.0,1190.0,1320.0,420.0,0.14259708737864077,-0.2827669902912621,35.95238095238095,2.3351822503961963,900.0,3.8297872340425534,DEFINED,DEFINED,,,,,False,0,0,0,0,,,,0,80,,NOT SCORED,,,,UNAVAILABLE
Mankind Pharma,FY22,7782.0,1990.0,1810.0,58.0,406.0,868.0,3882.0,1908.0,384.0,1770.0,1480.0,850.0,0.43618090452261304,0.2321608040201005,31.20689655172414,2.0345911949685536,630.0,0.7258064516129032,DEFINED,DEFINED,0.25233344061795937,2.6936170212765957,0.18153846153846165,0.4873949579831933,False,0,0,0,0,0,0.23506151736523395,10,0,100,10,VERY LOW,NOT SCORED,,0,UNAVAILABLE
Mankind Pharma,FY23,8749.0,1912.0,1690.0,48.0,1280.0,245.0,4620.0,2150.0,510.0,1920.0,1610.0,680.0,0.12813807531380753,-0.5413179916317992,35.208333333333336,2.1488372093023256,930.0,3.795918367346939,DEFINED,DEFINED,0.12426111539450013,-0.717741935483871,0.328125,0.0847457627118644,False,0,0,0,0,0,0.20386388460549987,10,0,100,10,VERY LOW,VERY LOW,0,0,STABLE
Mankind Pharma,FY24,10335.0,2550.0,2280.0,39.0,2850.0,180.0,6150.0,2420.0,680.0,2180.0,2250.0,740.0,0.07058823529411765,-1.0470588235294118,58.46153846153846,2.541322314049587,1510.0,8.38888888888889,DEFINED,DEFINED,0.18127786032689452,-0.26530612244897955,0.33333333333333326,0.13541666666666674,False,0,0,0,0,0,0.15205547300643873,8,0,100,8,VERY LOW,VERY LOW,-2,0,IMPROVING
Mankind Pharma,FY25,12180.0,3120.0,2810.0,180.0,1950.0,7250.0,7280.0,3850.0,890.0,2540.0,2710.0,890.0,2.323717948717949,1.6987179487179487,15.61111111111111,1.8909090909090909,1820.0,0.25103448275862067,DEFINED,DEFINED,0.17851959361393321,39.27777777777778,0.3088235294117647,0.16513761467889898,False,12,0,0,0,0,0.1303039357978315,8,12,100,20,LOW,VERY LOW,12,12,DETERIORATING
Piramal Pharma,FY21,5776.0,1280.0,880.0,180.0,450.0,3250.0,3850.0,2120.0,1320.0,1480.0,890.0,450.0,2.5390625,2.1875,4.888888888888889,1.8160377358490567,440.0,0.13538461538461538,DEFINED,DEFINED,,,,,False,12,8,5,0,,,,25,80,,NOT SCORED,,,,UNAVAILABLE
Piramal Pharma,FY22,6559.0,1228.0,780.0,210.0,380.0,3890.0,4250.0,2450.0,1510.0,1720.0,780.0,580.0,3.1677524429967425,2.8583061889250816,3.7142857142857144,1.7346938775510203,200.0,0.05141388174807198,DEFINED,DEFINED,0.13556094182825484,0.19692307692307698,0.14393939393939403,0.16216216216216206,False,20,8,10,0,0,0.026601220333907216,2,38,100,40,MODERATE,NOT SCORED,,13,UNAVAILABLE
Piramal Pharma,FY23,7082.0,853.0,380.0,382.0,420.0,4820.0,4890.0,2980.0,1680.0,2050.0,510.0,710.0,5.6506447831184055,5.1582649472450175,0.9947643979057592,1.6409395973154361,-200.0,-0.04149377593360996,DEFINED,DEFINED,0.07973776490318651,0.23907455012853474,0.11258278145695355,0.19186046511627897,False,25,20,20,0,2,0.11212270021309245,8,65,100,75,CRITICAL,MODERATE,35,27,DETERIORATING
Piramal Pharma,FY24,8171.0,1380.0,880.0,342.0,610.0,4120.0,5420.0,2850.0,1890.0,2180.0,1020.0,620.0,2.9855072463768115,2.5434782608695654,2.573099415204678,1.9017543859649122,400.0,0.0970873786407767,DEFINED,DEFINED,0.15377012143462299,-0.1452282157676349,0.125,0.06341463414634152,False,12,15,10,0,0,0,0,37,100,37,MODERATE,CRITICAL,-38,-28,IMPROVING
Piramal Pharma,FY25,9150.0,1720.0,1180.0,290.0,850.0,3450.0,6120.0,2720.0,2120.0,2350.0,1380.0,680.0,2.005813953488372,1.5116279069767442,4.068965517241379,2.25,700.0,0.2028985507246377,DEFINED,DEFINED,0.11981397625749612,-0.162621359223301,0.12169312169312163,0.07798165137614688,False,12,8,0,0,0,0.0018791454356255066,2,20,100,22,LOW,MODERATE,-15,-17,IMPROVING
Sun Pharma,FY21,33498.0,8491.0,6482.0,122.0,6446.0,3342.0,20412.0,19816.0,9061.0,8997.0,6942.0,1150.0,0.39359321634672007,-0.3655635378636203,53.131147540983605,1.0300767056923699,5792.0,1.7330939557151406,DEFINED,DEFINED,,,,,False,0,0,0,6,,,,6,80,,NOT SCORED,,,,UNAVAILABLE
Sun Pharma,FY22,38654.0,10162.0,8020.0,127.0,5123.0,1518.0,23281.0,6930.0,10483.0,8768.0,8980.0,1540.0,0.14938004329856328,-0.35475300137768156,63.1496062992126,3.3594516594516595,7440.0,4.901185770750988,DEFINED,DEFINED,0.1539196369932534,-0.5457809694793536,0.15693632049442674,-0.025452928754029158,False,0,0,0,0,0,0.003016683501173345,2,0,100,2,VERY LOW,NOT SCORED,,-6,UNAVAILABLE
Sun Pharma,FY23,43279.0,11617.0,9134.0,168.0,5770.0,6243.0,23982.0,12174.0,11439.0,10513.0,10120.0,2050.0,0.5374020831539984,0.040716191787897045,54.36904761904762,1.9699359290290783,8070.0,1.292647765497357,DEFINED,DEFINED,0.11965126506959178,3.112648221343873,0.09119526853000104,0.19901916058394153,False,0,0,0,0,0,0.07936789551434975,5,0,100,5,VERY LOW,VERY LOW,3,0,DETERIORATING
Sun Pharma,FY24,48497.0,13184.0,10712.0,238.0,7850.0,3120.0,26450.0,27550.0,12870.0,11240.0,11450.0,2420.0,0.2366504854368932,-0.3587682038834951,45.00840336134454,0.9600725952813067,9030.0,2.894230769230769,DEFINED,DEFINED,0.12056655652857051,-0.5002402691013936,0.12509834775767104,0.06915247788452383,False,0,0,0,12,0,0.0045317912291005236,2,12,100,14,VERY LOW,VERY LOW,9,12,DETERIORATING
Sun Pharma,FY25,52041.0,15272.0,12580.0,210.0,10250.0,2150.0,29800.0,20550.0,13920.0,12150.0,13200.0,2800.0,0.14078051335777894,-0.5303823991618648,59.904761904761905,1.4501216545012166,10400.0,4.837209302325581,DEFINED,DEFINED,0.07307668515578292,-0.3108974358974359,0.0815850815850816,0.08096085409252662,False,0,0,0,2,2,0.008508396429298681,2,2,100,6,VERY LOW,VERY LOW,-8,-10,IMPROVING
Torrent Pharma,FY21,8005.0,2485.0,1827.0,358.0,604.0,4810.0,4520.0,3120.0,1680.0,1580.0,2050.0,320.0,1.9356136820925554,1.6925553319919517,5.103351955307263,1.4487179487179487,1730.0,0.3596673596673597,DEFINED,DEFINED,,,,,False,6,3,0,2,,,,11,80,,NOT SCORED,,,,UNAVAILABLE
Torrent Pharma,FY22,8508.0,2431.0,1770.0,255.0,425.0,4020.0,4680.0,3250.0,1790.0,1690.0,1980.0,380.0,1.653640477169889,1.4788153023447141,6.9411764705882355,1.44,1600.0,0.39800995024875624,DEFINED,DEFINED,0.06283572767020607,-0.1642411642411642,0.06547619047619047,0.06962025316455689,False,6,3,0,2,2,0.006784525494350824,2,11,100,15,LOW,NOT SCORED,,0,UNAVAILABLE
Torrent Pharma,FY23,9620.0,2842.0,2110.0,334.0,570.0,5450.0,5420.0,3890.0,2050.0,1980.0,2210.0,450.0,1.9176636171710064,1.717100633356791,6.317365269461078,1.3933161953727506,1760.0,0.3229357798165138,DEFINED,DEFINED,0.13070051716031972,0.355721393034826,0.14525139664804465,0.17159763313609466,False,6,3,0,2,0,0.040897115975774945,2,11,100,13,VERY LOW,LOW,-2,0,IMPROVING
Torrent Pharma,FY24,10728.0,3382.0,2580.0,362.0,710.0,4210.0,5980.0,3780.0,2280.0,2150.0,2850.0,510.0,1.2448255470136014,1.0348905972797162,7.12707182320442,1.582010582010582,2340.0,0.5558194774346793,DEFINED,DEFINED,0.11517671517671513,-0.22752293577981653,0.11219512195121961,0.08585858585858586,False,6,3,0,0,0,0,0,9,100,9,VERY LOW,VERY LOW,-4,-2,IMPROVING
Torrent Pharma,FY25,11850.0,3920.0,3080.0,280.0,950.0,3180.0,6650.0,3620.0,2540.0,2320.0,3350.0,580.0,0.8112244897959183,0.5688775510204082,11.0,1.8370165745856353,2770.0,0.8710691823899371,DEFINED,DEFINED,0.10458612975391501,-0.2446555819477435,0.11403508771929816,0.07906976744186056,False,0,0,0,0,0,0.009448957965383142,2,0,100,2,VERY LOW,VERY LOW,-7,-9,IMPROVING
Zydus Lifesciences,FY21,14404.0,3341.0,2618.0,163.0,889.0,3682.0,8920.0,4120.0,3110.0,3240.0,2890.0,780.0,1.1020652499251722,0.8359772523196648,16.061349693251532,2.1650485436893203,2110.0,0.5730581205866377,DEFINED,DEFINED,,,,,False,6,0,0,0,,,,6,80,,NOT SCORED,,,,UNAVAILABLE
Zydus Lifesciences,FY22,15265.0,3510.0,2795.0,127.0,1120.0,3210.0,9450.0,4350.0,3280.0,3580.0,2950.0,890.0,0.9145299145299145,0.5954415954415955,22.007874015748033,2.1724137931034484,2060.0,0.6417445482866043,DEFINED,DEFINED,0.05977506248264364,-0.12819120043454646,0.05466237942122176,0.1049382716049383,False,0,0,0,0,2,0.045163209122294656,2,0,100,4,VERY LOW,NOT SCORED,,-6,UNAVAILABLE
Zydus Lifesciences,FY23,17237.0,3860.0,3090.0,131.0,1250.0,1480.0,10810.0,4620.0,3820.0,4120.0,3280.0,1030.0,0.38341968911917096,0.05958549222797927,23.587786259541986,2.33982683982684,2250.0,1.5202702702702702,DEFINED,DEFINED,0.129184408778251,-0.5389408099688473,0.16463414634146334,0.15083798882681565,False,0,0,0,0,0,0.03544973756321235,2,0,100,2,VERY LOW,VERY LOW,-2,0,IMPROVING
Zydus Lifesciences,FY24,19547.0,5384.0,4520.0,105.0,1650.0,820.0,12450.0,4890.0,4450.0,4360.0,4510.0,910.0,0.15230312035661217,-0.15416047548291234,43.04761904761905,2.5460122699386503,3600.0,4.390243902439025,DEFINED,DEFINED,0.13401403956604985,-0.44594594594594594,0.16492146596858648,0.058252427184465994,False,0,0,0,0,0,0.03090742640253663,2,0,100,2,VERY LOW,VERY LOW,0,0,STABLE
Zydus Lifesciences,FY25,23215.0,7050.0,6120.0,92.0,2320.0,650.0,14850.0,5150.0,5120.0,4820.0,6770.0,1710.0,0.09219858156028368,-0.23687943262411348,66.52173913043478,2.883495145631068,5060.0,7.7846153846153845,DEFINED,DEFINED,0.1876502788151635,-0.20731707317073167,0.1505617977528091,0.10550458715596323,False,0,0,0,0,0,0,0,0,100,0,VERY LOW,VERY LOW,-2,0,IMPROVING
